step,loss/policy,loss/value,loss/kl_penalty,loss/total,policy/approxkl,policy/clipfrac,value/error,value/clipfrac,objective/kl,objective/rewards,objective/returns,step_time,policy/learning_rate,value/learning_rate
1,-4.76837158203125e-05,0.01925223134458065,1.4645712553829071e-06,0.01925223134458065,-0.0001493181480327621,0.0013950893189758062,0.3861607015132904,0.0013253347715362906,0.0446428582072258,0.7142857313156128,1.2678571939468384,5.2535,1e-07,1e-06
2,-0.0002685546933207661,0.01953125,1.1603037819440942e-06,0.01966145820915699,3.662109520519152e-05,0.0009724934934638441,0.38749998807907104,0.003971354104578495,0.03307291492819786,0.8083333373069763,1.274999976158142,5.4504,1e-07,1e-06
3,-0.0004353841068223119,0.01927083358168602,1.374880525872868e-06,0.01979166641831398,0.00011494954378576949,0.0019042969215661287,0.3854166567325592,0.002864583395421505,0.03854166716337204,0.8416666388511658,1.2833333015441895,5.4669,8.375234893767539e-07,2.3546349804879152e-06
4,-8.290608820971102e-05,0.01861979253590107,1.09672544112982e-06,0.01875000074505806,0.00011393229215173051,0.0011311848647892475,0.375,0.0024739583022892475,0.0338541679084301,0.800000011920929,1.274999976158142,5.55,1.2689470740631731e-06,3.1470456462384807e-06
5,0.00027669270639307797,0.01901041716337204,1.3669331337951007e-06,0.01875000074505806,-0.0004760742303915322,0.0015787760494276881,0.3791666626930237,0.002506510354578495,0.04088541492819786,0.7583333253860474,1.2666666507720947,5.5641,1.575046978753508e-06,3.70926996097583e-06
6,0.0003499348822515458,0.01796874962747097,1.2079874522896716e-06,0.01770833320915699,-0.0008422851678915322,0.0019856770522892475,0.3583333194255829,0.010677083395421505,0.03697916492819786,0.75,1.2666666507720947,5.5869,1.8124765106232457e-06,4.1453650195120835e-06
7,0.0016764323227107525,0.01822916604578495,1.3828278042637976e-06,0.01647135429084301,-0.0023925781715661287,0.0071614584885537624,0.36250001192092896,0.04140625149011612,0.0364583320915699,0.8916666507720947,1.2999999523162842,5.5743,2.0064705634399267e-06,4.501680626726396e-06
8,0.0018961589084938169,0.01901041716337204,1.1603037819440942e-06,0.01718750037252903,-0.0030761719681322575,0.00937500037252903,0.34375,0.25,0.03697916492819786,0.7916666865348816,1.2666666507720947,5.65,2.170490198034929e-06,4.802941180064155e-06
9,0.0024251302238553762,0.01927083358168602,1.2079874522896716e-06,0.01679687574505806,-0.0068359375,0.02317708358168602,0.34583333134651184,0.26875001192092896,0.03697916492819786,0.7749999761581421,1.25,5.6362,2.312570468130261e-06,5.0639049414637446e-06
10,0.0035481771919876337,0.01861979253590107,1.3669331337951007e-06,0.015104166232049465,-0.00989583320915699,0.02916666679084301,0.3333333432674408,0.2562499940395355,0.04114583507180214,0.7083333134651184,1.2833333015441895,5.6669,2.437894148126346e-06,5.294091292476961e-06
11,0.004589843563735485,0.01679687574505806,1.271565793103946e-06,0.01210937462747097,-0.01184895820915699,0.0338541679084301,0.2854166626930237,0.30000001192092896,0.03437500074505806,0.8833333253860474,1.2833333015441895,5.668,2.5499999999999997e-06,5.499999999999999e-06
12,0.005110676866024733,0.01608072966337204,1.2238820090715308e-06,0.01100260391831398,-0.01210937462747097,0.03164062649011612,0.26875001192092896,0.30416667461395264,0.0364583320915699,0.8083333373069763,1.2666666507720947,5.6871,2.651412078637651e-06,5.686267083212012e-06
13,0.00634765625,0.01621093787252903,1.1523565035531647e-06,0.009830729104578495,-0.01770833320915699,0.04505208507180214,0.26249998807907104,0.32499998807907104,0.0364583320915699,0.800000011920929,1.2666666507720947,5.6977,2.7439940528166807e-06,5.856315607214311e-06
14,0.0074869790114462376,0.01627604104578495,1.4940898154236493e-06,0.0087890625,-0.02304687537252903,0.05546874925494194,0.2541666626930237,0.34166666865348816,0.04374999925494194,0.7166666388511658,1.274999976158142,5.7122,2.8291612131517495e-06,6.012745085380764e-06
15,0.00904947891831398,0.01614583283662796,1.09672544112982e-06,0.007031249813735485,-0.02591145783662796,0.0611979179084301,0.24166665971279144,0.3583333194255829,0.03164062649011612,0.8500000238418579,1.274999976158142,5.7148,2.9080136874116827e-06,6.15757616055207e-06
16,0.009114583022892475,0.015559895895421505,1.3669331337951007e-06,0.0064453124068677425,-0.02513020858168602,0.06197916716337204,0.23020833730697632,0.35624998807907104,0.03854166716337204,0.824999988079071,1.274999976158142,5.7176,2.981423584686419e-06,6.292410665750565e-06
17,0.00963541679084301,0.01536458358168602,1.112619997911679e-06,0.00572916679084301,-0.0234375,0.06432291865348816,0.22291666269302368,0.3583333194255829,0.03463541716337204,0.800000011920929,1.2833333015441895,5.7451,3.0500939575070155e-06,6.41853992195166e-06
18,-0.00023357685131486505,0.011868990026414394,0.000152587890625,0.012319711968302727,-0.00042724609375,0.0020845853723585606,0.23798076808452606,0.0015211838763207197,2.942307710647583,0.6634615659713745,1.2163461446762085,4.2169,3.1145998573767713e-06,6.537020146202233e-06
19,-0.00010630289762048051,0.011067708022892475,0.0001759847073117271,0.01132812537252903,-0.0017415364272892475,0.004817708395421505,0.22083333134651184,0.0025878907181322575,3.1666667461395264,0.699999988079071,1.2083333730697632,4.8184,3.1754176375030995e-06,6.6487262729648755e-06
20,0.0010009765392169356,0.011197916232049465,0.00012715657067019492,0.010286458767950535,-0.0036295573227107525,0.010416666977107525,0.22291666269302368,0.02239583246409893,2.5833332538604736,0.6666666865348816,1.2000000476837158,5.0557,3.2329463223344303e-06,6.7543912042877286e-06
21,0.0013671874767169356,0.010677083395421505,0.00015360514225903898,0.00950520858168602,-0.005664062686264515,0.01809895783662796,0.20729166269302368,0.11145833134651184,3.2333333492279053,0.675000011920929,1.1833332777023315,5.2296,3.2875234893767537e-06,6.8546349804879145e-06
22,0.0031901041511446238,0.01132812537252903,0.00011698404705384746,0.00820312462747097,-0.009960937313735485,0.02942708320915699,0.21250000596046448,0.17291666567325592,2.633333444595337,0.6333333253860474,1.2166666984558105,5.3518,3.339437272098102e-06,6.949986826302635e-06
23,0.006282552145421505,0.01015624962747097,0.0001892089785542339,0.004085286520421505,-0.014713541604578495,0.03984374925494194,0.19166666269302368,0.16041666269302368,3.4666666984558105,0.699999988079071,1.2166666984558105,5.358,3.388935568014405e-06,7.040902063699928e-06
24,0.0064453124068677425,0.010416666977107525,0.00013834635319653898,0.004134114366024733,-0.01927083358168602,0.05052083358168602,0.19687500596046448,0.13645833730697632,2.5333333015441895,0.675000011920929,1.2000000476837158,5.3158,3.436233198243102e-06,7.127775262079167e-06
25,0.00670572929084301,0.010286458767950535,0.00014851888408884406,0.003727213479578495,-0.01770833320915699,0.05364583432674408,0.19583334028720856,0.12604166567325592,3.2666666507720947,0.6583333611488342,1.1916667222976685,5.3753,3.4815175421934347e-06,7.210950587702226e-06
26,0.007552083116024733,0.010546875186264515,0.00011901855759788305,0.0032063801772892475,-0.01927083358168602,0.06041666492819786,0.1979166716337204,0.14791665971279144,2.700000047683716,0.6416666507720947,1.2000000476837158,5.4467,3.5249530212464915e-06,7.290730039024167e-06
27,0.012044270522892475,0.009765625,0.00013834635319653898,-0.0021647135727107525,-0.02460937574505806,0.06875000149011612,0.17916665971279144,0.16770833730697632,2.8333332538604736,0.6916666626930237,1.2166666984558105,5.42,3.566684702528504e-06,7.36738006586868e-06
28,0.012239583767950535,0.00963541679084301,0.00019429525127634406,-0.00244140625,-0.02460937574505806,0.07604166865348816,0.17083333432674408,0.20416666567325592,3.2166666984558105,0.7166666388511658,1.2166666984558105,5.3832,3.6068412221895187e-06,7.441136938715442e-06
29,0.01243489608168602,0.010091145522892475,0.00013631184992846102,-0.0022298176772892475,-0.02122395858168602,0.07447917014360428,0.17499999701976776,0.22708334028720856,2.950000047683716,0.675000011920929,1.1916667222976685,5.4054,3.6455371767884367e-06,7.512211141039985e-06
30,0.011067708022892475,0.009765625,0.0001291910739382729,-0.001220703125,-0.02057291753590107,0.07343749701976776,0.16979166865348816,0.2135416716337204,3.0333333015441895,0.6583333611488342,1.1916667222976685,5.4363,3.682875094852442e-06,7.580790990545301e-06
31,0.01796874962747097,0.009700520895421505,0.00014139810809865594,-0.00807291641831398,-0.02578124962747097,0.09375,0.1666666716337204,0.21250000596046448,2.816666603088379,0.6499999761581421,1.2166666984558105,5.4238,3.7189470740631725e-06,7.647045646238481e-06
32,0.01744791679084301,0.009244791232049465,0.0001770019589457661,-0.00791015662252903,-0.02565104141831398,0.0911458358168602,0.16249999403953552,0.19583334028720856,3.0999999046325684,0.7083333134651184,1.2166666984558105,5.4094,3.7538361498939676e-06,7.711127622254227e-06
33,0.01927083358168602,0.009830729104578495,0.00013631184992846102,-0.009244791232049465,-0.02317708358168602,0.09322916716337204,0.17291666567325592,0.19166666269302368,2.799999952316284,0.675000011920929,1.2000000476837158,5.4292,3.7876174468837695e-06,7.773174902439577e-06
34,0.01653645746409893,0.00950520858168602,0.00013834635319653898,-0.0068359375,-0.02187499962747097,0.08749999850988388,0.16458334028720856,0.1979166716337204,3.066666603088379,0.675000011920929,1.1833332777023315,5.4287,3.820359152700824e-06,7.833312729450493e-06
35,0.0005213419790379703,0.007975260727107525,0.00031026205397211015,0.0078125,-0.0001678466796875,0.0013326009502634406,0.16015625,0.0016581217059865594,6.666666507720947,0.6354166865348816,1.125,3.9629,3.852123346753525e-06,7.891655126690148e-06
36,0.0002197265566792339,0.0078125,0.00036214193096384406,0.00794270820915699,0.0001235961972270161,0.0043619791977107525,0.15625,0.0033203125931322575,8.0,0.6666666865348816,1.1333333253860474,4.7714,3.882966708658175e-06,7.948306199576239e-06
37,0.00033976236591115594,0.008138020522892475,0.00033772786264307797,0.008138020522892475,-0.0005371093866415322,0.008854166604578495,0.1614583283662796,0.06197916716337204,7.0333333015441895,0.675000011920929,1.1166666746139526,5.1152,3.9129411268798535e-06,8.003361253452792e-06
38,0.0009521484607830644,0.008463541977107525,0.0003214518364984542,0.0078125,-0.0008626302005723119,0.01614583283662796,0.16458334028720856,0.12083332985639572,7.333333492279053,0.6083333492279053,1.1416666507720947,5.2381,3.942094223964138e-06,8.056907758301477e-06
39,0.005859375,0.007747395895421505,0.0002929687616415322,0.0022135416511446238,-0.0025878907181322575,0.02421874925494194,0.15208333730697632,0.09687499701976776,6.866666793823242,0.6333333253860474,1.149999976158142,5.2796,3.970469811711184e-06,8.109026184775644e-06
40,0.00963541679084301,0.0074218749068677425,0.0003743489505723119,-0.0018391927005723119,-0.0027832030318677425,0.03802083432674408,0.14791665971279144,0.02786458283662796,7.800000190734863,0.675000011920929,1.125,5.2807,3.998108287214923e-06,8.159790731619245e-06
41,0.010286458767950535,0.007877604104578495,0.00032552084303461015,-0.0020751953125,-0.0038736979477107525,0.04088541492819786,0.15625,0.01796874962747097,7.0,0.6833333373069763,1.125,5.3498,4.025046978753507e-06,8.20926996097583e-06
42,0.009244791232049465,0.007877604104578495,0.00033365885610692203,-0.0010335285915061831,-0.00670572929084301,0.04270833358168602,0.15625,0.02395833283662796,7.400000095367432,0.6166666746139526,1.1333333253860474,5.4046,4.051320448963352e-06,8.257527355238809e-06
43,0.01132812537252903,0.0073567708022892475,0.00029500326490961015,-0.0037434895057231188,-0.0068359375,0.04635416716337204,0.14479166269302368,0.03229166567325592,6.866666793823242,0.6499999761581421,1.1583333015441895,5.4206,4.076960761474856e-06,8.304621806790552e-06
44,0.01901041716337204,0.0071614584885537624,0.0003662109375,-0.01145833358168602,-0.00807291641831398,0.07135416567325592,0.13854166865348816,0.0989583358168602,7.766666889190674,0.6333333253860474,1.1166666746139526,5.4124,4.1019977161699864e-06,8.350608050108138e-06
45,0.01888020895421505,0.007552083116024733,0.0003417968691792339,-0.010937499813735485,-0.010937499813735485,0.07500000298023224,0.14374999701976776,0.13437500596046448,7.333333492279053,0.675000011920929,1.1166666746139526,5.4357,4.126459057391159e-06,8.395537044187843e-06
46,0.01718750037252903,0.0072265625931322575,0.0003214518364984542,-0.00963541679084301,-0.013151041232049465,0.07083333283662796,0.13750000298023224,0.11249999701976776,7.0,0.6583333611488342,1.1333333253860474,5.4616,4.150370658749591e-06,8.439456311989045e-06
47,0.01770833320915699,0.0072265625931322575,0.0003173828008584678,-0.01015624962747097,-0.01582031324505806,0.07500000298023224,0.13958333432674408,0.06875000149011612,7.4666666984558105,0.6416666507720947,1.1666666269302368,5.4738,4.173756687619856e-06,8.482410242567083e-06
48,0.02382812462747097,0.007096354383975267,0.000335693359375,-0.01640624925494194,-0.01718750037252903,0.0989583358168602,0.13750000298023224,0.07135416567325592,7.400000095367432,0.6416666507720947,1.1333333253860474,5.4645,4.196639751942507e-06,8.524440360710727e-06
49,0.02460937574505806,0.00696614570915699,0.0003417968691792339,-0.01731770858168602,-0.01848958246409893,0.10833333432674408,0.13333334028720856,0.08124999701976776,7.4666666984558105,0.6499999761581421,1.1166666746139526,5.4825,4.219041031570189e-06,8.565585568190142e-06
50,0.02447916753590107,0.0071614584885537624,0.00033365885610692203,-0.01692708395421505,-0.02135416679084301,0.10208333283662796,0.13333334028720856,0.12916666269302368,7.0,0.6916666626930237,1.125,5.501,4.240980396069858e-06,8.60588236012831e-06
51,0.02473958395421505,0.0071614584885537624,0.00030924478778615594,-0.01731770858168602,-0.02187499962747097,0.10625000298023224,0.13124999403953552,0.15416666865348816,7.199999809265137,0.6333333253860474,1.1666666269302368,5.5065,4.262476510623246e-06,8.645365019512084e-06
52,0.0007657138048671186,0.006525212898850441,0.000732421875,0.006480823736637831,0.0003828569024335593,0.0025745739694684744,0.1306818127632141,0.0011097301030531526,15.454545021057129,0.5681818127632141,1.079545497894287,4.1464,4.283546931439944e-06,8.684065792440713e-06
53,0.0007609049207530916,0.006575520616024733,0.0007568359142169356,0.006575520616024733,-0.0005330403801053762,0.005859375,0.13124999403953552,0.0012451171642169356,16.799999237060547,0.6333333253860474,1.0833333730697632,4.8882,4.304208191905258e-06,8.722015046356597e-06
54,0.0006022135494276881,0.0061848959885537624,0.0006347656017169356,0.0062500000931322575,-0.0017659504665061831,0.012369791977107525,0.12395833432674408,0.0014729817630723119,14.0,0.5666666626930237,1.100000023841858,5.2152,4.324475880521933e-06,8.75924141320355e-06
55,0.0008748372201807797,0.00621744804084301,0.0006835937383584678,0.00598958320915699,-0.0020507811568677425,0.01692708395421505,0.12395833432674408,0.0050455727614462376,14.399999618530273,0.6166666746139526,1.0750000476837158,5.3521,4.344364711566273e-06,8.795771919203358e-06
56,0.0063151041977107525,0.0063151041977107525,0.0007649739854969084,0.0007446288946084678,-0.0030273436568677425,0.03541666641831398,0.12552084028720856,0.02838541753590107,15.333333015441895,0.574999988079071,1.0750000476837158,5.4759,4.363888589260897e-06,8.831632102724098e-06
57,0.01171875,0.00647786445915699,0.0007486979011446238,-0.00452473945915699,-0.00501302070915699,0.0442708320915699,0.12812499701976776,0.04713541641831398,17.0,0.6000000238418579,1.0916666984558105,5.5377,4.383060666165191e-06,8.866846121527902e-06
58,0.01158854179084301,0.006054687313735485,0.0006510416860692203,-0.004947916604578495,-0.00426432304084301,0.04635416716337204,0.11927083134651184,0.03489583358168602,14.266666412353516,0.5833333134651184,1.0916666984558105,5.5328,4.4018933963976035e-06,8.901436850526212e-06
59,0.01184895820915699,0.00598958320915699,0.0006835937383584678,-0.005143229383975267,-0.0047851563431322575,0.06093750149011612,0.11874999850988388,0.01608072966337204,14.399999618530273,0.6166666746139526,1.0750000476837158,5.5971,4.420398584229196e-06,8.935425971033217e-06
60,0.01608072966337204,0.006640625186264515,0.0007405598880723119,-0.008723958395421505,-0.013020833022892475,0.0729166641831398,0.13124999403953552,0.02291666716337204,15.0,0.5333333611488342,1.0750000476837158,5.6349,4.438587428523253e-06,8.96883405238965e-06
61,0.01979166641831398,0.005794270895421505,0.0006835937383584678,-0.01328125037252903,-0.01406249962747097,0.07604166865348816,0.1145833358168602,0.02356770820915699,15.666666984558105,0.6333333253860474,1.100000023841858,5.6461,4.4564705634399265e-06,9.001680626726396e-06
62,0.021484375,0.0059570311568677425,0.0007405598880723119,-0.01477864570915699,-0.01783854141831398,0.09062500298023224,0.11562500149011612,0.06276042014360428,15.866666793823242,0.5833333134651184,1.0833333730697632,5.6662,4.474058095776379e-06,9.033984257548451e-06
63,0.02005208283662796,0.0057617188431322575,0.0006510416860692203,-0.013671875,-0.013020833022892475,0.09062500298023224,0.11145833134651184,0.07864583283662796,14.0,0.625,1.100000023841858,5.6628,4.491359639270722e-06,9.065762602742142e-06
64,0.0234375,0.006119791883975267,0.000732421875,-0.01653645746409893,-0.01692708395421505,0.10520832985639572,0.11874999850988388,0.06458333134651184,15.533333778381348,0.574999988079071,1.0666667222976685,5.6625,4.508384346161275e-06,9.097032472541118e-06
65,0.02877604216337204,0.005924479104578495,0.0007161458488553762,-0.02213541604578495,-0.01822916604578495,0.12031249701976776,0.11562500149011612,0.04895833507180214,14.933333396911621,0.6083333492279053,1.0833333730697632,5.695,4.525140936260522e-06,9.12780988292749e-06
66,0.02903645858168602,0.00621744804084301,0.0007731119985692203,-0.02200520783662796,-0.02916666679084301,0.12343750149011612,0.12083332985639572,0.05624999850988388,16.799999237060547,0.5416666865348816,1.0750000476837158,5.6983,4.541637723774996e-06,9.158110104892849e-06
67,0.02786458283662796,0.0055338540114462376,0.0006144205690361559,-0.02161458320915699,-0.02057291753590107,0.12812499701976776,0.10729166865348816,0.06979166716337204,13.466666221618652,0.6166666746139526,1.100000023841858,5.6779,4.5578826420775776e-06,9.187947709938409e-06
68,0.03072916716337204,0.005924479104578495,0.0007161458488553762,-0.02421874925494194,-0.02643229253590107,0.14166666567325592,0.1119791641831398,0.09791667014360428,15.199999809265137,0.6083333492279053,1.0666667222976685,5.6855,4.573883266617024e-06,9.217336612153717e-06
69,-0.0002700805780477822,0.0058837891556322575,0.0012878418201580644,0.0074218749068677425,0.0002304077206645161,0.0033447265159338713,0.1171875,0.0008605957264080644,30.0,0.5,1.037500023841858,3.7923,4.589646836130279e-06,9.246290107178063e-06
70,-5.6203207350336015e-05,0.0055338540114462376,0.001220703125,0.0068033854477107525,-0.0003601074276957661,0.009309896267950535,0.11041666567325592,0.0014973958022892475,34.0,0.5333333611488342,1.0499999523162842,6.1899,4.605180272306275e-06,9.274820908317649e-06
71,0.0008666992071084678,0.0053385416977107525,0.0010253905784338713,0.00550130195915699,-0.002197265625,0.01848958246409893,0.10625000298023224,0.0016520182834938169,26.399999618530273,0.5333333611488342,1.0458333492279053,6.6782,4.620490198034929e-06,9.302941180064155e-06
72,-0.0004435221489984542,0.0052083334885537624,0.0011718750465661287,0.0068359375,-0.0039388020522892475,0.02734375,0.10364583134651184,0.005175781436264515,30.0,0.6499999761581421,1.0333333015441895,6.7073,4.635582954361734e-06,9.330662569235839e-06
73,0.0047851563431322575,0.0054687499068677425,0.0011393228778615594,0.0018147786613553762,-0.00572916679084301,0.03697916492819786,0.10885416716337204,0.013020833022892475,27.33333396911621,0.550000011920929,1.0416666269302368,6.8379,4.650464616256607e-06,9.357996233940707e-06
74,0.012239583767950535,0.0054036458022892475,0.0013264974113553762,-0.0054687499068677425,-0.009700520895421505,0.05364583432674408,0.10781250149011612,0.01966145820915699,35.20000076293945,0.5166666507720947,1.0416666269302368,6.7816,4.665141007295116e-06,9.38495287054205e-06
75,0.01197916641831398,0.005078124813735485,0.0009847005130723119,-0.005924479104578495,-0.008723958395421505,0.04739583283662796,0.10104166716337204,0.009309896267950535,27.33333396911621,0.5666666626930237,1.0583332777023315,6.9983,4.679617713340891e-06,9.411542738789393e-06
76,0.01308593712747097,0.00524088554084301,0.0012125651119276881,-0.006640625186264515,-0.00807291641831398,0.06145833432674408,0.1041666641831398,0.011197916232049465,29.600000381469727,0.6000000238418579,1.024999976158142,7.0168,4.693900095309664e-06,9.437775685262649e-06
77,0.013997395522892475,0.0054036458022892475,0.0011149088386446238,-0.0074869790114462376,-0.01158854179084301,0.06458333134651184,0.10729166865348816,0.013020833022892475,29.066667556762695,0.5666666626930237,1.0333333015441895,7.2527,4.707993301087939e-06,9.46366116526356e-06
78,0.02265625074505806,0.00524088554084301,0.0012695312034338713,-0.01621093787252903,-0.015299479477107525,0.08645833283662796,0.10312499850988388,0.02421874925494194,32.79999923706055,0.5249999761581421,1.0458333492279053,7.1608,4.7219022766725804e-06,9.489208263276169e-06
79,0.02057291753590107,0.00501302070915699,0.0009847005130723119,-0.014583333395421505,-0.01634114608168602,0.07864583283662796,0.0989583358168602,0.03333333507180214,28.399999618530273,0.5666666626930237,1.0583332777023315,7.2714,4.735631776591676e-06,9.514425712107162e-06
80,0.02460937574505806,0.005143229383975267,0.0011474608909338713,-0.01822916604578495,-0.01796874962747097,0.10520832985639572,0.10208333283662796,0.0338541679084301,28.0,0.6000000238418579,1.0416666269302368,7.2232,4.749186373661581e-06,9.539321910806986e-06
81,0.02265625074505806,0.005078124813735485,0.0011637370334938169,-0.01640624925494194,-0.02187499962747097,0.10208333283662796,0.10000000149011612,0.03281249850988388,30.399999618530273,0.5583333373069763,1.024999976158142,7.3025,4.762570468130261e-06,9.563904941463746e-06
82,0.03020833246409893,0.0052734375931322575,0.0012858073459938169,-0.02356770820915699,-0.0234375,0.12604166567325592,0.1041666641831398,0.0319010429084301,31.33333396911621,0.5249999761581421,1.037500023841858,7.2459,4.775788296252692e-06,9.588182584953923e-06
83,0.02734375,0.005078124813735485,0.0010904947994276881,-0.02109375037252903,-0.02460937574505806,0.1145833358168602,0.0989583358168602,0.04114583507180214,31.46666717529297,0.6083333492279053,1.0583332777023315,7.3255,4.7888439383401055e-06,9.612162335726725e-06
84,0.03307291492819786,0.005078124813735485,0.0011067708255723119,-0.02682291716337204,-0.02682291716337204,0.13854166865348816,0.0989583358168602,0.05156249925494194,27.733333587646484,0.5083333253860474,1.037500023841858,7.3442,4.801741326321381e-06,9.635851415692333e-06
85,0.03177083283662796,0.004947916604578495,0.0011555989040061831,-0.02578124962747097,-0.02473958395421505,0.13958333432674408,0.09583333134651184,0.05312500149011612,29.600000381469727,0.6083333492279053,1.0333333015441895,7.3316,4.814484250851609e-06,9.659256787278466e-06
86,-0.0016140408115461469,0.0047471788711845875,0.0016954210586845875,0.008029513992369175,6.739298260072246e-05,0.0040690102614462376,0.0950520858168602,0.0018039279384538531,61.33333206176758,0.5277777910232544,1.0069444179534912,7.4073,4.8270763680000175e-06,9.682385165714318e-06
87,0.0004394531133584678,0.004687500186264515,0.0031575520988553762,0.0074218749068677425,-0.0015950520755723119,0.010286458767950535,0.09375,0.0014485677238553762,97.5999984741211,0.49166667461395264,1.0125000476837158,10.6197,4.83952120554674e-06,9.705243030596054e-06
88,0.0002868652227334678,0.004589843563735485,0.0013997395290061831,0.0056966147385537624,-0.0031901041511446238,0.01835937425494194,0.09166666865348816,0.002864583395421505,65.5999984741211,0.4833333194255829,0.9916666746139526,12.0518,4.851822168915615e-06,9.727836636783783e-06
89,0.0005371093866415322,0.0044270833022892475,0.0013671874767169356,0.00524088554084301,-0.0029459635261446238,0.02317708358168602,0.0885416641831398,0.0038736979477107525,64.80000305175781,0.5,1.0166666507720947,12.3865,4.863982546767913e-06,9.750172024675759e-06
90,0.0013509114505723119,0.004622395616024733,0.00146484375,0.0047200522385537624,-0.007096354383975267,0.02955729141831398,0.09166666865348816,0.00950520858168602,57.599998474121094,0.5083333253860474,1.0166666507720947,12.9422,4.8760055162800355e-06,9.772255029902106e-06
91,0.009440104477107525,0.00475260429084301,0.0033691406715661287,-0.0013264974113553762,-0.012630208395421505,0.04583333432674408,0.09479166567325592,0.01608072966337204,101.33333587646484,0.46666666865348816,0.9958333373069763,13.1679,4.887894148126346e-06,9.794091292476962e-06
92,0.01243489608168602,0.0044270833022892475,0.0013916015159338713,-0.006608073133975267,-0.007519531063735485,0.04635416716337204,0.0885416641831398,0.00794270820915699,60.266666412353516,0.5,1.0083333253860474,13.2343,4.899651411186678e-06,9.81568626544492e-06
93,0.012500000186264515,0.0043619791977107525,0.0013509114505723119,-0.0068359375,-0.008333333767950535,0.046875,0.08645833283662796,0.007552083116024733,66.66666412353516,0.550000011920929,1.0166666507720947,13.4472,4.9112801769966105e-06,9.837045223054999e-06
94,0.01210937462747097,0.004589843563735485,0.0014485677238553762,-0.006087239366024733,-0.01158854179084301,0.0546875,0.09166666865348816,0.009570312686264515,58.13333511352539,0.4583333432674408,1.0083333253860474,13.4036,4.922783223957141e-06,9.858173268492708e-06
95,0.01861979253590107,0.0045572915114462376,0.0016601562965661287,-0.012369791977107525,-0.01770833320915699,0.07500000298023224,0.09062500298023224,0.01770833320915699,62.400001525878906,0.5,1.0,13.3462,4.934163241319261e-06,9.879075341198644e-06
96,0.013736979104578495,0.0044270833022892475,0.0031250000465661287,-0.00621744804084301,-0.01940104179084301,0.08749999850988388,0.08749999850988388,0.02630208246409893,101.33333587646484,0.46666666865348816,1.0083333253860474,13.661,4.9454228329576766e-06,9.899756223799814e-06
97,0.02291666716337204,0.004622395616024733,0.0013997395290061831,-0.01679687574505806,-0.01901041716337204,0.09687499701976776,0.09062500298023224,0.04843749850988388,65.06666564941406,0.550000011920929,1.0,13.7144,4.956564520946942e-06,9.920220548678057e-06
98,0.02161458320915699,0.0044270833022892475,0.0013346354244276881,-0.01582031324505806,-0.01940104179084301,0.10104166716337204,0.08749999850988388,0.02187499962747097,57.06666564941406,0.42500001192092896,1.0083333253860474,13.5559,4.967590748952299e-06,9.9404728041981e-06
99,0.02421874925494194,0.0045572915114462376,0.0016601562965661287,-0.01796874962747097,-0.02838541753590107,0.11302082985639572,0.08958332985639572,0.02447916753590107,64.26667022705078,0.5583333373069763,1.0166666507720947,13.6381,4.978503885446612e-06,9.960517340616226e-06
100,0.02630208246409893,0.0044921874068677425,0.0031575520988553762,-0.01875000074505806,-0.02994791604578495,0.12447916716337204,0.0885416641831398,0.02552083320915699,96.53333282470703,0.46666666865348816,1.0083333253860474,13.7879,4.989306226763997e-06,9.980358375688974e-06
101,0.02812499925494194,0.0042968750931322575,0.0014322916977107525,-0.02239583246409893,-0.03072916716337204,0.13645833730697632,0.08437500149011612,0.03463541716337204,68.80000305175781,0.49166667461395264,0.9958333373069763,13.8907,4.9999999999999996e-06,9.999999999999999e-06
102,0.02994791604578495,0.0043619791977107525,0.0013346354244276881,-0.02421874925494194,-0.02317708358168602,0.1354166716337204,0.08541666716337204,0.03697916492819786,58.66666793823242,0.5083333253860474,1.0166666507720947,13.747,5e-06,1e-05
103,-0.000263214111328125,0.003814697265625,0.0014801025390625,0.00555419921875,-0.000164031982421875,0.001953125,0.076171875,0.000637054443359375,128.0,0.453125,0.95703125,10.1791,4.999901803607215e-06,9.999819639278558e-06
104,4.526774137048051e-05,0.0035807292442768812,0.0015055338153615594,0.00501302070915699,-0.00037027994403615594,0.007747395895421505,0.07135416567325592,0.0009114583372138441,111.46666717529297,0.5249999761581421,0.9666666388511658,15.7111,4.999803607214429e-06,9.999639278557115e-06
105,-0.00013326009502634406,0.0035156249068677425,0.0013346354244276881,0.0049804686568677425,-0.0017252604011446238,0.012630208395421505,0.0703125,0.0011230468517169356,111.46666717529297,0.4583333432674408,0.9666666388511658,17.6596,4.999705410821644e-06,9.999458917835672e-06
106,-0.0007731119985692203,0.0036132812965661287,0.00146484375,0.005859375,-0.002685546875,0.02135416679084301,0.07187499850988388,0.002994791604578495,109.86666870117188,0.574999988079071,0.9708333611488342,18.3918,4.999607214428858e-06,9.99927855711423e-06
107,0.0018717447528615594,0.0035481771919876337,0.0014485677238553762,0.0031250000465661287,-0.00146484375,0.02838541753590107,0.07083333283662796,0.0038248698692768812,114.13333129882812,0.5249999761581421,0.9750000238418579,19.2117,4.999509018036072e-06,9.999098196392786e-06
108,0.00937500037252903,0.003597005270421505,0.0015869140625,-0.004199218936264515,-0.00537109375,0.04479166492819786,0.07187499850988388,0.006087239366024733,120.0,0.4583333432674408,0.9666666388511658,19.625,4.999410821643287e-06,9.998917835671344e-06
109,0.010937499813735485,0.0035319009330123663,0.0013671874767169356,-0.006054687313735485,-0.0001464843808207661,0.0442708320915699,0.07083333283662796,0.0040690102614462376,107.19999694824219,0.49166667461395264,0.949999988079071,19.7621,4.999312625250502e-06,9.9987374749499e-06
110,0.009570312686264515,0.0036132812965661287,0.0014485677238553762,-0.00452473945915699,-0.0068033854477107525,0.04635416716337204,0.07187499850988388,0.006640625186264515,116.26667022705078,0.5249999761581421,0.9791666865348816,20.0049,4.9992144288577155e-06,9.998557114228458e-06
111,0.010416666977107525,0.0034993488807231188,0.0013997395290061831,-0.0054687499068677425,-0.0032714842818677425,0.05052083358168602,0.06979166716337204,0.0074869790114462376,106.66666412353516,0.550000011920929,0.9750000238418579,20.0991,4.99911623246493e-06,9.998376753507015e-06
112,0.02031249925494194,0.0036132812965661287,0.0015299479709938169,-0.01523437537252903,-0.011067708022892475,0.07708333432674408,0.07187499850988388,0.01197916641831398,128.0,0.44999998807907104,0.9583333134651184,20.4217,4.999018036072145e-06,9.998196392785572e-06
113,0.02031249925494194,0.0035156249068677425,0.0014322916977107525,-0.01549479179084301,-0.00794270820915699,0.07864583283662796,0.06979166716337204,0.01035156287252903,105.06666564941406,0.5,0.9666666388511658,20.4644,4.998919839679359e-06,9.99801603206413e-06
114,0.01875000074505806,0.00341796875,0.0013997395290061831,-0.01393229141831398,-0.01588541641831398,0.07708333432674408,0.06822916865348816,0.010546875186264515,114.13333129882812,0.550000011920929,0.9666666388511658,20.5363,4.9988216432865734e-06,9.997835671342686e-06
115,0.01953125,0.0034505208022892475,0.0014322916977107525,-0.014713541604578495,-0.02421874925494194,0.0833333358168602,0.06822916865348816,0.012239583767950535,104.53333282470703,0.550000011920929,0.9750000238418579,20.5211,4.998723446893788e-06,9.997655310621244e-06
116,0.02578124962747097,0.0033854166977107525,0.0014567057369276881,-0.02083333395421505,-0.01783854141831398,0.1041666641831398,0.06666667014360428,0.01380208320915699,126.4000015258789,0.4583333432674408,0.9666666388511658,20.6998,4.998625250501002e-06,9.9974749498998e-06
117,0.02812499925494194,0.0035156249068677425,0.0015136718284338713,-0.02304687537252903,-0.01848958246409893,0.11927083134651184,0.06927083432674408,0.01666666753590107,108.80000305175781,0.5166666507720947,0.9666666388511658,20.7282,4.998527054108217e-06,9.997294589178358e-06
118,0.02734375,0.0033691406715661287,0.0013997395290061831,-0.02252604253590107,-0.02187499962747097,0.11614583432674408,0.06666667014360428,0.01770833320915699,114.13333129882812,0.4833333194255829,0.9666666388511658,20.8352,4.998428857715431e-06,9.997114228456915e-06
119,0.02604166604578495,0.0035481771919876337,0.0014241536846384406,-0.02096354216337204,-0.033203125,0.11874999850988388,0.06979166716337204,0.01901041716337204,101.86666870117188,0.574999988079071,0.9708333611488342,20.8115,4.998330661322645e-06,9.996933867735472e-06
120,0.00011880056990776211,0.0031389507930725813,0.0015520368469879031,0.004603794775903225,7.738386193523183e-05,0.0017264230409637094,0.0630580335855484,0.0004425048828125,144.0,0.5714285969734192,0.9732142686843872,10.4614,4.99823246492986e-06,9.996753507014029e-06
121,-8.239746239269152e-05,0.0031901041511446238,0.0016438801540061831,0.004947916604578495,0.0007242838619276881,0.0047200522385537624,0.06406249850988388,0.0005452473997138441,167.46665954589844,0.4416666626930237,0.9666666388511658,17.4593,4.998134268537075e-06,9.996573146292586e-06
122,0.0007283528684638441,0.003173828125,0.0015787760494276881,0.00402018241584301,0.0005777994520030916,0.00670572929084301,0.06354166567325592,0.0009033203241415322,140.8000030517578,0.5249999761581421,0.9666666388511658,19.7824,4.9980360721442885e-06,9.996392785571143e-06
123,0.0005940755363553762,0.0031901041511446238,0.0015706380363553762,0.004150390625,-5.289713590173051e-05,0.01328125037252903,0.06354166567325592,0.0016764323227107525,145.06666564941406,0.4333333373069763,0.9583333134651184,20.5842,4.997937875751503e-06,9.9962124248497e-06
124,0.002864583395421505,0.0031250000465661287,0.0015787760494276881,0.0018554687267169356,-0.0024088541977107525,0.02421874925494194,0.0625,0.0017333984142169356,149.3333282470703,0.4583333432674408,0.9583333134651184,20.9202,4.997839679358718e-06,9.996032064128258e-06
125,0.010807291604578495,0.0031901041511446238,0.0015950520755723119,-0.006054687313735485,-0.006575520616024733,0.04010416567325592,0.0638020858168602,0.0018066406482830644,156.8000030517578,0.4833333194255829,0.9666666388511658,21.6887,4.997741482965932e-06,9.995851703406815e-06
126,0.01145833358168602,0.0032226562034338713,0.0015706380363553762,-0.006640625186264515,-0.0074869790114462376,0.04270833358168602,0.06432291865348816,0.0030924479942768812,151.46665954589844,0.4833333194255829,0.9666666388511658,22.4237,4.9976432865731464e-06,9.995671342685372e-06
127,0.01113281212747097,0.0031250000465661287,0.0015950520755723119,-0.0064453124068677425,-0.00820312462747097,0.04583333432674408,0.0625,0.0032552082557231188,140.8000030517578,0.4833333194255829,0.9583333134651184,22.8971,4.997545090180361e-06,9.995490981963929e-06
128,0.010807291604578495,0.0031250000465661287,0.0015869140625,-0.0060221352614462376,-0.01002604141831398,0.05234374850988388,0.0625,0.00403645820915699,147.1999969482422,0.4166666567325592,0.9583333134651184,22.8369,4.997446893787575e-06,9.995310621242486e-06
129,0.02044270746409893,0.0031250000465661287,0.0016357421409338713,-0.015625,-0.01692708395421505,0.07864583283662796,0.0625,0.0042968750931322575,151.46665954589844,0.4833333194255829,0.9666666388511658,22.9537,4.99734869739479e-06,9.995130260521043e-06
130,0.02005208283662796,0.003108724020421505,0.0015543620102107525,-0.01549479179084301,-0.01705729216337204,0.08177082985639572,0.06197916716337204,0.006640625186264515,164.26666259765625,0.4749999940395355,0.9708333611488342,23.2058,4.997250501002004e-06,9.9949498997996e-06
131,0.02031249925494194,0.0031250000465661287,0.0016031900886446238,-0.015625,-0.01770833320915699,0.08749999850988388,0.06223958358168602,0.00719401054084301,138.6666717529297,0.5083333253860474,0.9583333134651184,23.3605,4.997152304609219e-06,9.994769539078158e-06
132,0.02005208283662796,0.0031250000465661287,0.0015625000232830644,-0.015299479477107525,-0.01796874962747097,0.09010417014360428,0.06223958358168602,0.009440104477107525,147.1999969482422,0.4166666567325592,0.9666666388511658,23.2791,4.997054108216433e-06,9.994589178356715e-06
133,0.025390625,0.003108724020421505,0.0016276041278615594,-0.02057291753590107,-0.02434895746409893,0.11249999701976776,0.06171875074505806,0.01132812537252903,151.46665954589844,0.5,0.9624999761581421,23.2356,4.996955911823648e-06,9.994408817635272e-06
134,0.02747395820915699,0.0030924479942768812,0.0015950520755723119,-0.02291666716337204,-0.025390625,0.12187500298023224,0.06093750149011612,0.012630208395421505,163.1999969482422,0.4583333432674408,0.9666666388511658,23.4101,4.996857715430862e-06,9.994228456913829e-06
135,0.02695312537252903,0.0030598959419876337,0.0015950520755723119,-0.02226562425494194,-0.02031249925494194,0.12083332985639572,0.06067708507180214,0.011914062313735485,144.0,0.5083333253860474,0.9666666388511658,23.5242,4.996759519038076e-06,9.994048096192386e-06
136,0.02630208246409893,0.0031250000465661287,0.0015462239971384406,-0.02174479141831398,-0.02005208283662796,0.11822916567325592,0.06197916716337204,0.01549479179084301,140.8000030517578,0.4416666626930237,0.9583333134651184,23.4328,4.996661322645291e-06,9.993867735470942e-06
137,0.00010172525799134746,0.0027669270057231188,0.001708984375,0.0043538413010537624,-1.33514404296875e-05,0.0008392333984375,0.0553385429084301,0.00035603842115961015,205.3333282470703,0.3333333432674408,0.9114583134651184,10.0683,4.996563126252506e-06,9.993687374749499e-06
138,-0.00011698404705384746,0.0028320313431322575,0.0016601562965661287,0.004589843563735485,-0.0007568359142169356,0.005664062686264515,0.05624999850988388,0.0007893880247138441,187.73333740234375,0.4583333432674408,0.9291666746139526,18.4633,4.9964649298597195e-06,9.993507014028056e-06
139,-0.00010375976853538305,0.0028320313431322575,0.002506510354578495,0.005436197854578495,-0.0030598959419876337,0.009244791232049465,0.05677083507180214,0.0008422851678915322,315.73333740234375,0.4416666626930237,0.9291666746139526,21.174,4.996366733466934e-06,9.993326653306613e-06
140,0.0004516601620707661,0.0027994790580123663,0.010221353732049465,0.012500000186264515,-0.0036132812965661287,0.01328125037252903,0.05624999850988388,0.0021484375465661287,1937.066650390625,0.42500001192092896,0.9166666865348816,22.7186,4.996268537074149e-06,9.99314629258517e-06
141,0.0017415364272892475,0.0027343749534338713,0.00865885429084301,0.009700520895421505,-0.004166666883975267,0.01901041716337204,0.0546875,0.0024088541977107525,1638.4000244140625,0.36666667461395264,0.9208333492279053,24.2838,4.996170340681363e-06,9.992965931863727e-06
142,0.01132812537252903,0.0029134114738553762,0.0016927083488553762,-0.0067382813431322575,-0.012630208395421505,0.03437500074505806,0.05781250074505806,0.0037109374534338713,185.60000610351562,0.4583333432674408,0.9333333373069763,25.3129,4.9960721442885774e-06,9.992785571142284e-06
143,0.00963541679084301,0.0027669270057231188,0.00244140625,-0.0044270833022892475,-0.00917968712747097,0.03541666641831398,0.05520833283662796,0.0034505208022892475,324.26666259765625,0.4416666626930237,0.925000011920929,25.9158,4.995973947895792e-06,9.992605210420841e-06
144,0.010091145522892475,0.002864583395421505,0.0017252604011446238,-0.0054687499068677425,-0.008268228732049465,0.04114583507180214,0.0572916679084301,0.0036458333488553762,192.0,0.42500001192092896,0.9166666865348816,26.4491,4.995875751503006e-06,9.992424849699399e-06
145,0.009440104477107525,0.0026367187965661287,0.01718750037252903,0.010286458767950535,-0.00830078125,0.04322916641831398,0.05260416492819786,0.0037923178169876337,3396.2666015625,0.3916666805744171,0.925000011920929,27.094,4.995777555110221e-06,9.992244488977956e-06
146,0.02005208283662796,0.0027669270057231188,0.0017415364272892475,-0.015559895895421505,-0.01575520820915699,0.07083333283662796,0.05520833283662796,0.005794270895421505,193.06666564941406,0.4000000059604645,0.925000011920929,27.751,4.995679358717435e-06,9.992064128256513e-06
147,0.01914062537252903,0.0027994790580123663,0.0016601562965661287,-0.0146484375,-0.02252604253590107,0.07656250149011612,0.05546874925494194,0.008723958395421505,195.1999969482422,0.42500001192092896,0.9166666865348816,28.3043,4.995581162324649e-06,9.99188376753507e-06
148,0.01953125,0.0029296875,0.0024576822761446238,-0.01406249962747097,-0.01627604104578495,0.08749999850988388,0.05833333358168602,0.00917968712747097,302.9333190917969,0.4583333432674408,0.925000011920929,28.415,4.995482965931864e-06,9.991703406813627e-06
149,0.01731770858168602,0.0025716146919876337,0.010221353732049465,-0.004622395616024733,-0.01796874962747097,0.08541666716337204,0.05130208283662796,0.009309896267950535,1962.6666259765625,0.4166666567325592,0.9166666865348816,28.9431,4.995384769539079e-06,9.991523046092184e-06
150,0.02526041679084301,0.002864583395421505,0.008723958395421505,-0.013736979104578495,-0.025390625,0.109375,0.05677083507180214,0.010937499813735485,1621.3333740234375,0.38333332538604736,0.925000011920929,29.3144,4.9952865731462925e-06,9.991342685370741e-06
151,0.02500000037252903,0.002750650979578495,0.0016276041278615594,-0.02057291753590107,-0.02604166604578495,0.10625000298023224,0.0546875,0.01477864570915699,202.6666717529297,0.4000000059604645,0.9166666865348816,29.5736,4.995188376753507e-06,9.991162324649298e-06
152,0.02708333358168602,0.0029134114738553762,0.0024739583022892475,-0.02174479141831398,-0.02473958395421505,0.12187500298023224,0.05781250074505806,0.01627604104578495,305.0666809082031,0.46666666865348816,0.9291666746139526,29.5575,4.995090180360722e-06,9.990981963927857e-06
153,0.025390625,0.0027018229011446238,0.010221353732049465,-0.012500000186264515,-0.02395833283662796,0.11666666716337204,0.05364583432674408,0.01523437537252903,1945.5999755859375,0.42500001192092896,0.9208333492279053,29.6831,4.994991983967937e-06,9.990801603206414e-06
154,-0.00019531250291038305,0.0027343749534338713,0.002197265625,0.005126953125,0.0002075195370707661,0.0016357421409338713,0.0546875,0.0003570556582417339,300.79998779296875,0.22499999403953552,0.9125000238418579,11.1915,4.994893787575151e-06,9.990621242484972e-06
155,-0.00012156168668298051,0.0026041667442768812,0.00768229179084301,0.010416666977107525,-0.00012308756413403898,0.0052734375931322575,0.0520833320915699,0.0011067708255723119,1416.5333251953125,0.4000000059604645,0.9166666865348816,22.5039,4.994795591182365e-06,9.990440881763529e-06
156,0.0004760742303915322,0.0027180989272892475,0.00426432304084301,0.0065104165114462376,-0.0005696614389307797,0.00852864608168602,0.05416666716337204,0.0014811197761446238,733.8666381835938,0.2916666567325592,0.925000011920929,27.0928,4.99469739478958e-06,9.990260521042086e-06
157,0.00022379557776730508,0.0025390624068677425,0.0032877603080123663,0.005598958116024733,-0.0013020833721384406,0.01601562462747097,0.05052083358168602,0.0013997395290061831,507.73333740234375,0.34166666865348816,0.925000011920929,28.8521,4.9945991983967945e-06,9.990080160320643e-06
158,0.0012695312034338713,0.0025716146919876337,0.0023111978080123663,0.0036132812965661287,-0.0031575520988553762,0.02187499962747097,0.05156249925494194,0.0023111978080123663,332.79998779296875,0.3083333373069763,0.9166666865348816,30.2037,4.994501002004008e-06,9.9898997995992e-06
159,0.01113281212747097,0.0026692708488553762,0.0022135416511446238,-0.0062500000931322575,-0.01171875,0.04244791716337204,0.05286458507180214,0.0038736979477107525,292.26666259765625,0.38333332538604736,0.9166666865348816,30.871,4.994402805611223e-06,9.989719438877757e-06
160,0.011393229477107525,0.0027343749534338713,0.009830729104578495,0.0011637370334938169,-0.00820312462747097,0.04270833358168602,0.05442708358168602,0.00475260429084301,1860.2667236328125,0.2916666567325592,0.9125000238418579,31.5362,4.994304609218438e-06,9.989539078156314e-06
161,0.010677083395421505,0.002506510354578495,0.0032714842818677425,-0.004947916604578495,-0.006575520616024733,0.0494791679084301,0.05000000074505806,0.0039876303635537624,503.4666748046875,0.2916666567325592,0.925000011920929,31.7531,4.994206412825652e-06,9.989358717434871e-06
162,0.010807291604578495,0.0025878907181322575,0.0021809895988553762,-0.006054687313735485,-0.00891927070915699,0.05520833283662796,0.05182291567325592,0.00550130195915699,298.6666564941406,0.36666667461395264,0.9166666865348816,32.2351,4.994108216432866e-06,9.989178356713429e-06
163,0.01848958246409893,0.0026692708488553762,0.002376302145421505,-0.01354166679084301,-0.02096354216337204,0.07656250149011612,0.05312500149011612,0.007617187686264515,337.0666809082031,0.3083333373069763,0.9166666865348816,32.5545,4.994010020040081e-06,9.988997995991986e-06
164,0.01953125,0.0026692708488553762,0.007877604104578495,-0.008984374813735485,-0.01640624925494194,0.0833333358168602,0.05312500149011612,0.012369791977107525,1467.7332763671875,0.3583333194255829,0.9083333611488342,32.7521,4.993911823647295e-06,9.988817635270543e-06
165,0.02083333395421505,0.0026692708488553762,0.004166666883975267,-0.013867187313735485,-0.01901041716337204,0.09062500298023224,0.05312500149011612,0.010677083395421505,691.2000122070312,0.2750000059604645,0.9333333373069763,32.8284,4.99381362725451e-06,9.9886372745491e-06
166,0.01914062537252903,0.0024902343284338713,0.0031575520988553762,-0.013476562686264515,-0.01848958246409893,0.08958332985639572,0.04921875149011612,0.01184895820915699,490.6666564941406,0.3583333194255829,0.9125000238418579,33.0713,4.993715430861724e-06,9.988456913827657e-06
167,0.02408854104578495,0.0025716146919876337,0.0023274740669876337,-0.01927083358168602,-0.03177083283662796,0.10208333283662796,0.05104166641831398,0.01210937462747097,324.26666259765625,0.30000001192092896,0.9208333492279053,33.2644,4.993617234468938e-06,9.988276553106214e-06
168,0.02630208246409893,0.002506510354578495,0.007617187686264515,-0.01614583283662796,-0.02526041679084301,0.109375,0.04973958432674408,0.0166015625,1399.4666748046875,0.375,0.9166666865348816,33.3015,4.993519038076153e-06,9.988096192384771e-06
169,0.02864583395421505,0.002620442770421505,0.004589843563735485,-0.02135416679084301,-0.02942708320915699,0.11874999850988388,0.0520833320915699,0.01601562462747097,776.5333251953125,0.2916666567325592,0.925000011920929,33.4357,4.9934208416833676e-06,9.987915831663328e-06
170,0.02630208246409893,0.0024739583022892475,0.002994791604578495,-0.02083333395421505,-0.02265625074505806,0.12083332985639572,0.04895833507180214,0.01718750037252903,456.5333251953125,0.3499999940395355,0.9208333492279053,33.4887,4.993322645290581e-06,9.987735470941886e-06
171,-2.3126602172851562e-05,0.002532958984375,0.002105712890625,0.004638671875,-9.202957153320312e-05,0.00201416015625,0.05029296875,0.00070953369140625,324.0,0.1875,0.9296875,9.1712,4.993224448897796e-06,9.987555110220443e-06
172,7.527669367846102e-05,0.0025390624068677425,0.004199218936264515,0.0066731772385537624,1.5767414879519492e-05,0.0060221352614462376,0.05078125,0.0012858073459938169,733.8666381835938,0.24166665971279144,0.925000011920929,22.3672,4.993126252505011e-06,9.987374749499e-06
173,-8.087158494163305e-05,0.0023600261192768812,0.04895833507180214,0.05130208283662796,-0.0006266275886446238,0.010937499813735485,0.04739583283662796,0.0024902343284338713,9898.6669921875,0.3083333373069763,0.925000011920929,26.858,4.993028056112225e-06,9.987194388777557e-06
174,-0.0002197265566792339,0.0023437500931322575,0.005664062686264515,0.00820312462747097,-0.0026041667442768812,0.01549479179084301,0.046875,0.002262369729578495,1041.066650390625,0.22499999403953552,0.9291666746139526,29.0194,4.992929859719439e-06,9.987014028056114e-06
175,-7.527669367846102e-05,0.0024739583022892475,0.007747395895421505,0.010286458767950535,-0.00475260429084301,0.02213541604578495,0.0494791679084301,0.0032552082557231188,1425.066650390625,0.2916666567325592,0.925000011920929,30.2672,4.992831663326654e-06,9.98683366733467e-06
176,0.01015624962747097,0.0025553384330123663,0.0032877603080123663,-0.004329427145421505,-0.007031249813735485,0.03489583358168602,0.05104166641831398,0.0032226562034338713,563.2000122070312,0.25,0.925000011920929,31.1186,4.992733466933868e-06,9.986653306613227e-06
177,0.009765625,0.0023111978080123663,0.0494791679084301,0.0416666679084301,-0.00950520858168602,0.03750000149011612,0.04609375074505806,0.00426432304084301,9966.93359375,0.2083333283662796,0.925000011920929,31.8237,4.992635270541083e-06,9.986472945891784e-06
178,0.009830729104578495,0.0023600261192768812,0.0048502604477107525,-0.002620442770421505,-0.01132812537252903,0.04531250149011612,0.04713541641831398,0.0052734375931322575,857.5999755859375,0.30000001192092896,0.925000011920929,32.1598,4.992537074148297e-06,9.986292585170341e-06
179,0.010286458767950535,0.0025553384330123663,0.008138020522892475,0.00033365885610692203,-0.01328125037252903,0.05885416641831398,0.05078125,0.008138020522892475,1501.86669921875,0.28333333134651184,0.9291666746139526,32.5475,4.992438877755511e-06,9.986112224448898e-06
180,0.01679687574505806,0.0025390624068677425,0.0033203125931322575,-0.010937499813735485,-0.014843749813735485,0.07604166865348816,0.05052083358168602,0.0077799479477107525,546.1333618164062,0.25833332538604736,0.925000011920929,32.8014,4.992340681362726e-06,9.985931863727455e-06
181,0.01822916604578495,0.0023437500931322575,0.02630208246409893,0.010546875186264515,-0.01614583283662796,0.08124999701976776,0.04661458358168602,0.008463541977107525,5290.66650390625,0.22499999403953552,0.9333333373069763,33.0585,4.992242484969941e-06,9.985751503006012e-06
182,0.01875000074505806,0.0022298176772892475,0.02851562574505806,0.01197916641831398,-0.01979166641831398,0.08645833283662796,0.0442708320915699,0.011393229477107525,5666.13330078125,0.30000001192092896,0.9166666865348816,33.246,4.9921442885771544e-06,9.98557114228457e-06
183,0.01822916604578495,0.0024576822761446238,0.008333333767950535,-0.007552083116024733,-0.02552083320915699,0.09270833432674408,0.04869791492819786,0.01341145858168602,1553.066650390625,0.22499999403953552,0.9291666746139526,33.4988,4.992046092184369e-06,9.985390781563127e-06
184,0.02187499962747097,0.0023111978080123663,0.003352864645421505,-0.01621093787252903,-0.01953125,0.09583333134651184,0.04583333432674408,0.01171875,558.933349609375,0.2750000059604645,0.925000011920929,33.632,4.991947895791584e-06,9.985210420841684e-06
185,0.02578124962747097,0.002376302145421505,0.004687500186264515,-0.01875000074505806,-0.02226562425494194,0.11249999701976776,0.04739583283662796,0.01549479179084301,836.2666625976562,0.23333333432674408,0.9333333373069763,33.7764,4.991849699398798e-06,9.985030060120241e-06
186,0.02630208246409893,0.0022135416511446238,0.05000000074505806,0.02591145783662796,-0.02708333358168602,0.11510416865348816,0.04374999925494194,0.01731770858168602,10103.466796875,0.3333333432674408,0.9208333492279053,33.9346,4.991751503006012e-06,9.984849699398798e-06
187,0.02565104141831398,0.002376302145421505,0.003841145895421505,-0.01940104179084301,-0.02473958395421505,0.12083332985639572,0.04713541641831398,0.014453125186264515,669.8666381835938,0.2083333283662796,0.9333333373069763,34.0477,4.991653306613227e-06,9.984669338677355e-06
