objective/evaluation/accuracy_reward,objective/evaluation/accuracy_reward_std,objective/evaluation/accuracy_rate,tokens/evaluation/prompt_length,tokens/evaluation/completion_length,tokens/evaluation/completion_length_std,tokens/evaluation/Wait_count,elapsed/evaluation_time,objective/training/accuracy_reward,objective/training/accuracy_reward_std,objective/training/accuracy_rate,tokens/training/prompt_length,tokens/training/completion_length,tokens/training/completion_length_std,tokens/training/completion_length_max,tokens/training/completion_length_min,tokens/training/completion_length_max_ratio,tokens/training/completion_length_p99,tokens/training/Wait_count,elapsed/generation_time,elapsed/generation_episodes,elapsed/explore_epsilon,training/loss/pg,training/loss/entropy,training/entropy,training/entropy_std,training/approxkl,training/approxkl_std,training/clipfrac,training/clipfrac_std,training/grad_norm,elapsed/train_time,elapsed/policy_update,elapsed/reference_update,training/learning_rate,elapsed/step_time,step
0.4306640625,0.4951691910559421,0.4306640625,72.3212890625,183.0947265625,185.00198428919853,1,347.87546038627625,0.39453125,0.48874977521574114,0.39453125,75.96875,175.4140625,156.41043150473084,900,2,0.03125,900.0,24,296.48422169685364,512.0,0.0,-0.14451220782939345,0.0,15.630093067884445,5.673748789558426,0.00029813077936013954,0.00015954012596918694,0.00024265368438136647,0.0004596054874727727,1.5513885915279388,83.3818588256836,4.0,0.0,1e-06,380.10386872291565,0
0.42578125,0.494460895469437,0.42578125,69.21875,147.015625,121.58839598049386,900,6,0.015625,900.0,0,226.18131589889526,1024.0,0.0,-0.13670678215567023,0.0,13.667274735867977,4.864578396106491,0.0002986026188791513,0.00015049495837861755,0.00021399744218797423,0.00046376185298272426,1.4566888809204102,72.50101518630981,8.0,0.0,1e-06,298.9683840274811,1
0.443359375,0.4967814807333395,0.443359375,64.46875,152.77734375,133.88084004234636,900,6,0.021484375,900.0,0,261.06356263160706,1536.0,0.0,-0.12765041831880808,0.0,13.560288570821285,5.597436244562234,0.00031544332664790176,0.0001573915468616892,0.0002354656071474892,0.0005024062486276178,2.909089058637619,75.34789872169495,12.0,0.0,1e-06,336.68347930908203,2
0.419921875,0.49354583768529986,0.419921875,71.53125,166.82421875,138.09278597541635,900,29,0.021484375,900.0,4,239.4103524684906,2048.0,0.0,-0.1377098032971844,0.0,15.22624772042036,6.365270100010298,0.00031301537075156816,0.0001442949657063153,0.0002207989905400609,0.0004297696896505362,1.2418260276317596,76.88144540786743,16.0,0.0,1e-06,316.7082269191742,3
0.498046875,0.49999618528818235,0.498046875,65.96875,159.447265625,143.91204573136224,900,7,0.0234375,900.0,0,231.10308814048767,2560.0,0.0,-0.11328882072120905,0.0,13.06933245062828,4.5816758668094755,0.00027134830734620863,0.00013996770474359718,0.00025215501636921545,0.0004965455856384264,1.6513477265834808,73.99503517150879,20.0,0.0,1e-06,305.37666749954224,4
0.419921875,0.49354583768529986,0.419921875,73.1875,165.607421875,137.94974806715223,900,4,0.01953125,900.0,0,242.51857900619507,3072.0,0.0,-0.08272111334372312,0.0,14.118164151906967,4.685879630512829,0.00028495695933283827,0.00014183292225609682,0.00023703176020717365,0.0005668121151524856,3.2190074622631073,75.84924936294556,24.0,0.0,1e-06,318.66555619239807,5
0.439453125,0.4963205374833227,0.439453125,75.21875,164.22265625,147.11182115722156,900,6,0.029296875,900.0,0,290.71344661712646,3584.0,0.0,-0.15768155723344535,0.0,14.114274978637695,4.9547744635284054,0.0002706167781942881,0.00014443873565049008,0.00015522293688263744,0.00035125911253429317,1.3815308809280396,80.94934844970703,28.0,0.0,1e-06,371.94678473472595,6
0.427734375,0.49475011818428033,0.427734375,73.5,161.09375,131.992834648088,900,2,0.021484375,900.0,0,212.10537481307983,4096.0,0.0,-0.07992619764991105,0.0,13.863970801234245,4.457029729642945,0.0002775162176416046,0.00013812052774293945,0.00017513685361336684,0.00037168802426294133,1.722205013036728,75.18296957015991,32.0,0.0,1e-06,287.5667932033539,7
0.525390625,0.49935490000810984,0.525390625,60.1875,149.224609375,109.10063060085245,900,9,0.009765625,611.4799999999996,0,190.73615527153015,4608.0,0.0,-0.08573706971947104,0.0,12.783841617405415,4.678678368743802,0.0002939988984653752,0.00013359609049063258,0.0002667115859367186,0.0005053713797337375,1.891364961862564,70.64988136291504,36.0,0.0,1e-06,261.7284481525421,8
0.37890625,0.48511473252307796,0.37890625,84.21875,170.310546875,134.9045642343632,900,2,0.021484375,900.0,0,244.9018578529358,5120.0,0.0,-0.08794787409715354,0.0,14.974249728024006,4.5730217747575885,0.00030491591589143496,0.00013756171370620307,0.00012550030714919558,0.0003034826317093209,1.5083232522010803,80.49411988258362,40.0,0.0,1e-06,325.9721038341522,9
0.478515625,0.4995382083793585,0.478515625,69.90625,160.544921875,114.95395619344794,900,8,0.013671875,900.0,0,230.16943311691284,5632.0,0.0,-0.09380750032141805,0.0,14.765168979763985,4.65705933493704,0.00030471762621786525,0.00016224090974474768,0.000280587611541705,0.0006627667408619728,1.1392026245594025,73.51551151275635,44.0,0.0,1e-06,304.24667477607727,10
0.466796875,0.49889633441250536,0.466796875,72.90625,150.31640625,110.85391870987223,900,2,0.009765625,820.8499999999977,0,200.54870295524597,6144.0,0.0,-0.06563395773991942,0.0,13.454980798065662,4.4724616057693325,0.00030735053845898364,0.00013798842270652676,0.00020754815750478883,0.0004774448156564414,1.699298083782196,71.15336775779724,48.0,0.0,1e-06,271.9945707321167,11
0.375,0.4841229182759271,0.375,71.03125,173.587890625,153.9803790065086,900,7,0.03125,900.0,4,283.8601624965668,6656.0,0.0,-0.18236978852655739,0.0,15.248801350593567,4.942175684208925,0.0003051260396045308,0.00011828453855594604,0.00023249908235811745,0.0004985337744153947,1.4180515706539154,84.11085033416748,52.0,0.0,1e-06,368.2516829967499,12
0.466796875,0.49889633441250536,0.466796875,73.8125,154.044921875,104.69970047187407,900,8,0.0078125,550.6099999999993,6,217.89910125732422,7168.0,0.0,-0.09025488456245512,0.0,13.544225558638573,5.184148842150614,0.0002829055860988916,0.00014659368145790956,0.00019256636278441874,0.0004440676035526749,1.2357123494148254,72.06014704704285,56.0,0.0,1e-06,290.3193407058716,13
0.40234375,0.4903705301462737,0.40234375,72.625,168.5859375,131.58322445698045,900,6,0.01953125,900.0,0,251.28897309303284,7680.0,0.0,-0.10642116563394666,0.0,13.972333490848541,4.403067146534013,0.0002569360896158557,0.00012713251856005805,0.0001400101946273935,0.0003833783674248229,1.3949939906597137,78.03320813179016,60.0,0.0,1e-06,329.64545369148254,14
0.46484375,0.4987625066962607,0.46484375,71.71875,161.50390625,104.26101553189098,900,9,0.009765625,548.67,0,195.6825556755066,8192.0,0.0,-0.07252953993156552,0.0,12.950664058327675,3.7942354222092662,0.000254973306100581,0.00011446473191652734,0.0001905275944409368,0.0003745664072072246,1.1997867971658707,72.38462543487549,64.0,0.0,1e-06,268.3543076515198,15
0.4375,0.49607837082461076,0.4375,64.6875,159.08203125,122.22971261470765,900,9,0.015625,900.0,0,247.58201956748962,8704.0,0.0,-0.11992360767908394,0.0,13.87128384411335,4.215398353506728,0.00027977330698636393,0.00013022146775082313,8.806502637526137e-05,0.0002661917495474056,1.3771889805793762,74.08833050727844,68.0,0.0,1e-06,322.08007860183716,16
0.419921875,0.49354583768529986,0.419921875,66.40625,158.431640625,115.27199159269284,900,20,0.01171875,884.269999999998,0,249.1157751083374,9216.0,0.0,-0.1025308050448075,0.0,13.437517911195755,4.318032236472987,0.000251614975431913,0.00016170853495088282,8.476739094476216e-05,0.00026813037852889247,1.3186146020889282,72.12203598022461,72.0,0.0,1e-06,321.54649019241333,17
0.47265625,0.4992517594720498,0.47265625,71.28125,160.216796875,133.0624921878438,900,2,0.021484375,900.0,0,234.23569655418396,9728.0,0.0,-0.1562659831251949,0.0,13.54712487757206,4.7027245904856905,0.00026987757355900754,0.0001380246540067647,0.00021920105746175977,0.000399540048738083,1.9663163423538208,74.0517213344574,76.0,0.0,1e-06,308.59615111351013,18
0.478515625,0.4995382083793585,0.478515625,72.125,162.203125,137.49949484992436,900,8,0.0234375,900.0,0,227.93661952018738,10240.0,0.0,-0.09769851551391184,0.0,13.861320450901985,5.459343940413708,0.0002764917055628757,0.00012631072021852756,0.00021083364572405117,0.00048792391697555384,1.5175878405570984,74.07907271385193,80.0,0.0,1e-06,302.303671836853,19
0.333984375,0.4716341932640798,0.333984375,78.15625,178.265625,151.35355361985847,900,8,0.025390625,900.0,0,236.40970134735107,10752.0,0.0,-0.09951134421862662,0.0,14.699427790939808,5.494536495264622,0.00027805170022521253,0.00015334671232333793,0.00015410699597850908,0.0003646021333157355,1.0364938825368881,80.04708552360535,84.0,0.0,1e-06,316.7297110557556,20
0.427734375,0.49475011818428033,0.427734375,75.125,169.482421875,138.31930508703232,900,8,0.0234375,900.0,35,238.07620882987976,11264.0,0.0,-0.1124891754006967,0.0,13.676210790872574,4.2972487769821655,0.0002591611881852529,0.00013013957655490154,0.00016793330723885447,0.00035970240767345613,1.2435542941093445,75.3533444404602,88.0,0.0,1e-06,313.7217676639557,21
0.51171875,0.49986265203397373,0.51171875,66.96875,149.1328125,90.34816519769421,900,10,0.005859375,535.89,0,197.89040803909302,11776.0,0.0,-0.057467344333417714,0.0,12.647327825427055,3.618980214670628,0.0002679019317728404,0.00010418886977178495,0.00021477658174262615,0.00044004187916664065,1.419934093952179,65.81105279922485,92.0,0.0,1e-06,263.98792338371277,22
0.455078125,0.49797793640530336,0.455078125,65.96875,157.759765625,125.61090912245668,900,6,0.017578125,900.0,0,238.6620044708252,12288.0,0.0,-0.09395211876835674,0.0,13.209676757454872,4.518113433905467,0.0002597322470285768,0.00012802441897557469,0.00012052366855641594,0.000330224127092775,1.1978744566440582,73.16480612754822,96.0,0.0,1e-06,312.09727454185486,23
0.44921875,0.4974145802531702,0.44921875,66.75,157.806640625,125.00245198705943,900,6,0.017578125,900.0,22,228.98293614387512,12800.0,0.0,-0.12790983787272125,0.0,13.387156955897808,3.865160469466554,0.00029037026732670057,0.0001268751479591616,0.0002297837736477959,0.00048682840180763184,1.5100871324539185,72.98518681526184,100.0,0.0,1e-06,302.2568447589874,24
0.494140625,0.4999656665458233,0.494140625,64.46875,154.353515625,125.07401725509531,900,7,0.017578125,900.0,0,213.3316788673401,13312.0,0.0,-0.09978825424332172,0.0,13.096693731844425,5.030008432298038,0.0002800971966596677,0.00012627748780089703,0.00017445248795411317,0.0004527420431618901,3.123608887195587,72.49274253845215,104.0,0.0,1e-06,286.110045671463,25
0.41015625,0.4918618714496352,0.41015625,76.34375,172.880859375,139.016830509426,900,7,0.01953125,900.0,0,255.2678301334381,13824.0,0.0,-0.09849006636068225,0.0,13.834410585463047,6.548116172895955,0.00026100691405162024,0.0001341636362930859,0.00019812883147096727,0.0004024894138697964,1.1383584886789322,77.10447239875793,108.0,0.0,1e-06,332.6540222167969,26
0.451171875,0.497610102599399,0.451171875,65.3125,163.87109375,137.1330294209922,900,36,0.025390625,900.0,0,226.9010694026947,14336.0,0.0,-0.12253236584365368,0.0,12.628538221120834,3.6953873184450536,0.00024021960204523296,0.0001336386372818642,0.00016965592567430576,0.00038065003648161315,1.2648447453975677,73.2656078338623,112.0,0.0,1e-06,300.453982591629,27
0.482421875,0.49969091398732113,0.482421875,72.28125,160.078125,118.07873494615521,900,8,0.015625,900.0,0,184.88237071037292,14848.0,0.0,-0.05073935282416642,0.0,12.85262794047594,4.486394890475218,0.0002555413643272608,0.00013679680154486781,0.00025178184569085715,0.0004947595294210278,1.3048586249351501,70.42967820167542,116.0,0.0,1e-06,255.59674406051636,28
0.5546875,0.4970002790177788,0.5546875,72.4375,164.08984375,118.7795182653583,900,4,0.013671875,900.0,0,226.28065752983093,15360.0,0.0,-0.08646467025391757,0.0,13.301535002887249,5.012764390050675,0.0002792781122993304,0.00012360086428269947,0.00034268284571226104,0.0006841701590439666,5.632653653621674,71.50634169578552,120.0,0.0,1e-06,298.0720999240875,29
0.466796875,0.49889633441250536,0.466796875,72.8125,166.892578125,117.33944392729059,900,2,0.013671875,900.0,0,224.87510347366333,15872.0,0.0,-0.09901846561115235,0.0,12.892138600349426,4.4860533173732255,0.00026052190250913654,0.00012753573390901054,0.00019216699365642853,0.0004367388345291148,1.3891422003507614,73.20392608642578,124.0,0.0,1e-06,298.3623991012573,30
0.494140625,0.4999656665458233,0.494140625,71.84375,162.625,116.33708095981264,900,30,0.013671875,900.0,0,231.13663721084595,16384.0,0.0,-0.11895005544647574,0.0,12.692710541188717,3.8927368000052702,0.00025674125039376605,0.00012903850891663837,0.00015439482740475796,0.0003929370392037619,1.0906962603330612,70.80448317527771,128.0,0.0,1e-06,302.21402978897095,31
0.509765625,0.49990462347167725,0.509765625,72.96875,165.75390625,110.70665235371455,900,40,0.009765625,775.0099999999985,4,252.66328620910645,16896.0,0.0,-0.10625721153337508,0.0,14.233526386320591,5.0994334853067995,0.00030537268509878146,9.911623240197103e-05,0.00019678736543937703,0.000394769569025894,1.103030875325203,72.785080909729,132.0,0.0,1e-06,325.7353026866913,32
0.412109375,0.4922146259886122,0.412109375,70.09375,159.658203125,121.36350345870558,900,20,0.017578125,900.0,0,202.04806232452393,17408.0,0.0,-0.10131775646004826,0.0,13.194312274456024,3.9022454221658864,0.00026411733356379585,0.0001226204978705368,0.00023817076362320222,0.0004945590727260599,1.0499411970376968,73.01906251907349,136.0,0.0,1e-06,275.35604882240295,33
0.49609375,0.49998474097809975,0.49609375,65.84375,152.771484375,99.92718309466214,900,8,0.005859375,490.1499999999995,0,206.05081868171692,17920.0,0.0,-0.0994084452977404,0.0,12.802901417016983,5.033332580303126,0.00023530837195107068,0.00012030914483020113,0.0001700252996670315,0.0004965104018673002,1.2323466837406158,67.71418952941895,140.0,0.0,1e-06,274.0514245033264,34
0.4609375,0.4984717856546647,0.4609375,67.96875,164.962890625,125.53440681649508,900,8,0.017578125,900.0,1,215.3181574344635,18432.0,0.0,-0.07260832551401109,0.0,13.12280011922121,5.220203597673766,0.0002755955922921771,0.00012055965972294607,0.0002630227127156104,0.0005145583769444782,1.001077264547348,71.7654983997345,144.0,0.0,1e-06,287.3592245578766,35
0.4453125,0.4970002790177788,0.4453125,72.09375,163.07421875,111.44466097721842,900,7,0.015625,900.0,0,209.9021863937378,18944.0,0.0,-0.06526473094709218,0.0,13.179408870637417,4.412906156354299,0.00025128330779145003,0.00013412172397541544,0.00022280057510215556,0.00043479246652358905,1.1774284541606903,71.44802188873291,148.0,0.0,1e-06,281.63322615623474,36
0.4609375,0.4984717856546647,0.4609375,70.28125,149.712890625,91.30660482041695,900,8,0.00390625,429.2299999999999,0,189.06213855743408,19456.0,0.0,-0.09623849217314273,0.0,12.39191072434187,3.980114250514458,0.00025548290395560613,0.0001444237626873695,0.0002319034438187373,0.0005500662725092787,1.1181215345859528,66.74198055267334,152.0,0.0,1e-06,256.09036445617676,37
0.4609375,0.4984717856546647,0.4609375,73.3125,161.576171875,119.13074675685307,900,9,0.015625,900.0,0,205.9092206954956,19968.0,0.0,-0.09766704821959138,0.0,13.325028195977211,4.385814880869299,0.0002815747787097145,0.00013664892147515764,0.00027316275827615755,0.000582419859910706,1.1885485500097275,72.24198722839355,156.0,0.0,1e-06,278.444828748703,38
0.4375,0.49607837082461076,0.4375,68.25,179.712890625,149.18225532073774,900,14,0.03125,900.0,0,246.53744053840637,20480.0,0.0,-0.17237538134213537,0.0,13.461976490914822,4.534817193058438,0.0002385478433146737,0.00012867620430649022,0.000170062816778227,0.00035236138184864226,1.0762850046157837,79.16146874427795,160.0,0.0,1e-06,325.9840979576111,39
0.48046875,0.49961838464315694,0.48046875,71.59375,171.568359375,124.90866669088999,900,40,0.017578125,900.0,1,221.36933374404907,20992.0,0.0,-0.07284295500721782,0.0,13.757902033627033,4.580085542122398,0.00026512131914913084,0.00012158029062738472,0.0002857212466551573,0.000510111242204724,1.1390868723392487,72.73270606994629,164.0,0.0,1e-06,294.38621616363525,40
0.517578125,0.49969091398732113,0.517578125,64.84375,154.2734375,118.91411126074817,900,34,0.013671875,900.0,5,214.10951852798462,21504.0,0.0,-0.0926605494460091,0.0,12.559994518756866,4.449795514936921,0.0002599971569354764,0.00011895102775717253,0.00024010459674173035,0.0004577366561303026,0.9641314148902893,71.47608065605164,168.0,0.0,1e-06,285.87543272972107,41
0.56640625,0.49557059029056344,0.56640625,71.5,152.30078125,103.72126559625875,900,6,0.009765625,603.7999999999984,0,189.5621817111969,22016.0,0.0,-0.0761994831264019,0.0,12.099675476551056,4.266932874022749,0.00026769349363808814,0.00011275872656717511,0.00027209703148400877,0.00048330961658441554,1.8318191468715668,68.80983352661133,172.0,0.0,1e-06,258.6585683822632,42
0.51171875,0.49986265203397373,0.51171875,69.40625,164.51171875,130.3449145063623,900,8,0.01953125,900.0,6,225.12868785858154,22528.0,0.0,-0.12158073578029871,0.0,12.533803351223469,4.965761001911736,0.00025129909303611697,0.0001244038027730524,0.00013678669074579375,0.0003280882238284869,1.1332662999629974,74.46843695640564,176.0,0.0,1e-06,299.88602900505066,43
0.50390625,0.49998474097809975,0.50390625,74.46875,155.021484375,94.17319860393737,900,34,0.005859375,491.2799999999993,5,166.98814177513123,23040.0,0.0,-0.06297868001274765,0.0,13.480321660637856,4.703266997359095,0.0002827766541484422,0.00012621783438884952,0.0003171999264850456,0.0005881268234209141,1.0684775561094284,68.05011010169983,180.0,0.0,1e-06,235.31413221359253,44
0.513671875,0.49981304488176814,0.513671875,72.53125,156.79296875,94.33401484518468,900,35,0.0078125,442.24999999999966,0,181.57740664482117,23552.0,0.0,-0.058918866561725736,0.0,12.000239044427872,3.6735986321316507,0.00023955579187928677,0.0001337951595613208,0.00019544660335668596,0.0004240665890864435,1.177205502986908,66.58231163024902,184.0,0.0,1e-06,248.45096135139465,45
0.490234375,0.49990462347167725,0.490234375,70.625,182.25,142.83010011898753,900,40,0.02734375,900.0,0,254.93473625183105,24064.0,0.0,-0.10883494862355292,0.0,12.9904141202569,3.730196884470249,0.00024756009772142207,0.00012026985088622268,0.000274010452812945,0.0004950576741167617,1.0417538285255432,78.70351815223694,188.0,0.0,1e-06,333.9138729572296,46
0.51171875,0.49986265203397373,0.51171875,66.8125,138.546875,85.5766386578976,900,6,0.005859375,406.78999999999985,0,178.57162594795227,24576.0,0.0,-0.05960287689231336,0.0,11.630927860736847,3.6112112720873726,0.00027725063391415006,0.000129405681195573,0.0003058414877159521,0.0006487161825870444,1.610879361629486,64.75011396408081,192.0,0.0,1e-06,243.59757328033447,47
0.42578125,0.494460895469437,0.42578125,71.0,161.28515625,94.39323465383039,900,10,0.0078125,537.1299999999998,2,166.89109301567078,25088.0,0.0,-0.03772997739724815,0.0,13.101486206054688,3.5297278853140095,0.00027199433580493704,0.00012022219579251819,0.00016780661599113955,0.0003917278550894562,1.1558236479759216,68.56823110580444,196.0,0.0,1e-06,235.7450122833252,48
0.5390625,0.4984717856546647,0.5390625,71.9375,168.53125,120.14653731875713,900,7,0.015625,900.0,0,197.7495665550232,25600.0,0.0,-0.12539792014285922,0.0,12.438559859991074,4.674379528029254,0.00023948455949263092,0.00011289923582402147,0.0002705893562051642,0.00045482225075510637,1.2723484337329865,72.26656222343445,200.0,0.0,1e-06,270.2929062843323,49
0.451171875,0.497610102599399,0.451171875,68.96875,160.775390625,118.69372984178086,900,9,0.013671875,900.0,0,193.42058038711548,26112.0,0.0,-0.10927710984833539,0.0,13.653176084160805,4.656142515379037,0.00031173188663569107,9.984007915007906e-05,0.0001848904175858479,0.0003777605356632486,1.3781387507915497,73.77099919319153,204.0,0.0,1e-06,267.46620512008667,0.482421875,0.49969091398732113,0.482421875,72.3212890625,173.544921875,130.14670183162593,2,294.3505480289459,50
0.45703125,0.49815026500388165,0.45703125,77.9375,174.3203125,120.50265386041232,900,4,0.017578125,900.0,0,194.74121260643005,26624.0,0.0,-0.10736855678260326,0.0,13.142350412905216,4.414870132988751,0.00023171408016287032,0.00013163002555249885,0.0001342513123745448,0.00036380493740775555,1.0494957566261292,73.8917281627655,208.0,0.0,1e-06,268.86139702796936,51
0.55859375,0.49655490377292366,0.55859375,66.46875,160.060546875,98.13448524066821,900,28,0.0078125,670.2199999999973,0,185.22657823562622,27136.0,0.0,-0.059141041594557464,0.0,12.111648932099342,4.989059587362805,0.0002366237932829307,0.00012102043175782954,0.00019662658905872377,0.00042738560765600187,1.202122375369072,66.33106279373169,212.0,0.0,1e-06,251.8433678150177,52
0.5234375,0.49945038151326904,0.5234375,72.15625,160.15625,103.06554630882961,900,9,0.0078125,691.8899999999973,19,195.34519791603088,27648.0,0.0,-0.11226076621096581,0.0,12.366785779595375,3.903069129214894,0.0002305492458334335,0.00012159746101478742,0.00021967678185319528,0.00044666298715131773,1.1774961352348328,70.60386753082275,216.0,0.0,1e-06,266.2327313423157,53
0.5234375,0.49945038151326904,0.5234375,66.3125,165.94921875,113.19116400481377,900,37,0.013671875,900.0,0,204.90247678756714,28160.0,0.0,-0.09843576711136848,0.0,12.7869186475873,4.478858213309502,0.0002330171395823477,0.00011781731408920622,0.0002662777878867928,0.0004945411129945246,1.0533074140548706,70.05360579490662,220.0,0.0,1e-06,275.2418112754822,54
0.48046875,0.49961838464315694,0.48046875,69.4375,167.51171875,116.4996305795469,900,3,0.013671875,900.0,0,199.21208000183105,28672.0,0.0,-0.11205206473823637,0.0,12.389603413641453,4.413008879687965,0.00022387248703736873,0.00012610264594061795,0.00016532913423361606,0.0003850869310747654,1.7425713241100311,71.21440291404724,224.0,0.0,1e-06,270.7065567970276,55
0.44140625,0.49655490377292366,0.44140625,67.125,164.650390625,110.34594411513235,900,8,0.01171875,879.6499999999975,0,197.08793115615845,29184.0,0.0,-0.0960808756062761,0.0,13.542837888002396,4.5891972678404525,0.00028797556517634604,0.00010781808388225324,0.00019441996664681938,0.00040235055124597123,1.0805066525936127,69.69109892845154,228.0,0.0,1e-06,267.0517244338989,56
0.43359375,0.49557059029056344,0.43359375,76.03125,159.130859375,94.24618933383447,900,18,0.0078125,445.0099999999999,3,175.69141602516174,29696.0,0.0,-0.0658520917640999,0.0,12.267682448029518,4.508055344880091,0.0002565899027469065,0.00011559157985136119,0.00025393593296030303,0.0004932978329076405,1.0566401779651642,68.07568192481995,232.0,0.0,1e-06,244.05408453941345,57
0.453125,0.4977978850648122,0.453125,71.53125,167.462890625,102.70175736882153,900,12,0.0078125,602.1499999999995,0,219.90989518165588,30208.0,0.0,-0.10400867625139654,0.0,13.460801891982555,4.264643017473785,0.0002529706330340886,0.00011639955181068595,0.00021372906121541746,0.0004736604695790715,1.1409614831209183,69.47276473045349,236.0,0.0,1e-06,289.6719834804535,58
0.47265625,0.4992517594720498,0.47265625,73.1875,153.890625,101.76481651759303,900,8,0.01171875,866.0099999999958,66,187.01317405700684,30720.0,0.0,-0.05035758076701313,0.0,12.174349911510944,3.615605228752914,0.0002505485832671184,0.0001183686275606465,0.00035188529363949783,0.0006302149915617861,1.22407266497612,67.9248514175415,240.0,0.0,1e-06,255.2001609802246,59
0.572265625,0.49475011818428033,0.572265625,65.15625,155.951171875,92.64681949581005,900,25,0.0078125,485.9799999999989,93,161.55269479751587,31232.0,0.0,-0.06814583099912852,0.0,11.53061555325985,4.348676732914333,0.00025215848748505465,9.262922059506256e-05,0.0003390920542187814,0.0006119368906665712,1.1648609042167664,64.98559904098511,244.0,0.0,1e-06,226.82452487945557,60
0.533203125,0.49889633441250536,0.533203125,67.21875,163.33203125,113.97095259977002,900,43,0.015625,900.0,0,209.19326949119568,31744.0,0.0,-0.07997746462933719,0.0,12.617089129984379,4.162947711045703,0.00026635519026552146,0.00010105402494514641,0.00030655039199700695,0.0005113998198222106,1.0413989573717117,71.37676906585693,248.0,0.0,1e-06,280.8488359451294,61
0.51171875,0.49986265203397373,0.51171875,71.375,157.650390625,77.39156249333587,900,7,0.00390625,370.89,0,167.255877494812,32256.0,0.0,-0.043079302995465696,0.0,11.270535133779049,3.1292057003595186,0.0002062630386832076,0.00010510093451685921,0.00011413803804316558,0.00029455432562158047,3.376471698284149,65.44896817207336,252.0,0.0,1e-06,232.98464965820312,62
0.52734375,0.4992517594720498,0.52734375,69.9375,158.244140625,95.72709503312123,900,48,0.0078125,436.0099999999999,0,181.6891930103302,32768.0,0.0,-0.09560580330435187,0.0,12.1133426502347,3.720896784809865,0.0002396588253161802,0.00011329840503992357,0.0002521705537219532,0.00048618658779180736,1.0524861067533493,67.28866505622864,256.0,0.0,1e-06,249.25592470169067,63
0.4375,0.49607837082461076,0.4375,71.75,173.70703125,132.8772199271249,900,37,0.021484375,900.0,0,244.94698405265808,33280.0,0.0,-0.09548376849852502,0.0,12.43987200781703,4.477736709055024,0.00025815228228687204,0.00011861645303670895,0.00021273491893225582,0.0004623187263131028,1.0402996838092804,73.79169344902039,260.0,0.0,1e-06,319.01512241363525,64
0.5234375,0.49945038151326904,0.5234375,70.03125,154.494140625,115.54840353469936,900,32,0.017578125,900.0,0,227.85981917381287,33792.0,0.0,-0.09511296858545393,0.0,11.37081041932106,4.153863938866794,0.00024418007215754045,0.00012193627678024426,0.0002047193393082125,0.0004707710050118955,1.032692313194275,70.74532747268677,264.0,0.0,1e-06,298.89332270622253,65
0.521484375,0.4995382083793585,0.521484375,73.40625,179.03125,109.11769287534217,900,52,0.0078125,746.3299999999987,0,211.96243691444397,34304.0,0.0,-0.06458794174250215,0.0,12.44852688908577,4.554872129580574,0.00021235558253529518,0.00011707476992375139,0.00016778100507508498,0.0003556696907512374,0.860590785741806,72.46884155273438,268.0,0.0,1e-06,284.7125041484833,66
0.59375,0.4911323014219285,0.59375,65.40625,155.78515625,100.76723611081673,900,38,0.0078125,652.8899999999986,0,192.45276737213135,34816.0,0.0,-0.07896373909898102,0.0,11.716384373605251,3.8964419355504742,0.0002422854796821916,0.00010274622959257806,0.00018517321313993307,0.000374913349685234,1.0337905287742615,67.94869756698608,272.0,0.0,1e-06,260.6860706806183,67
0.642578125,0.4792405223595813,0.642578125,67.21875,147.162109375,92.15547690547501,900,33,0.005859375,471.41999999999894,0,154.31159734725952,35328.0,0.0,-0.0733619590755552,0.0,11.608159638941288,4.123560094185401,0.0002767709818343178,0.00011074611379721891,0.00031332793878391385,0.0005274370993641842,1.1534518748521805,64.7719395160675,276.0,0.0,1e-06,219.37395572662354,68
0.501953125,0.49999618528818235,0.501953125,71.59375,166.49609375,98.61177026471643,900,36,0.005859375,621.8699999999989,0,180.87123036384583,35840.0,0.0,-0.09409447223879397,0.0,12.967137530446053,4.515857179879631,0.00027424981381685143,0.00012774510879158318,0.00023627387008673395,0.00046063761672927373,0.9204756170511246,68.15986371040344,280.0,0.0,1e-06,249.32030844688416,69
0.517578125,0.49969091398732113,0.517578125,68.5625,158.552734375,98.55703631190264,900,26,0.009765625,465.60999999999933,0,165.7047564983368,36352.0,0.0,-0.06813571695238352,0.0,11.504039093852043,3.472623908597531,0.00024061958820409401,0.000105717126233356,0.00016685733771737432,0.00038067064571886894,1.001516968011856,65.56386351585388,284.0,0.0,1e-06,231.5473759174347,70
0.4765625,0.49945038151326904,0.4765625,71.09375,165.720703125,105.15098018506825,900,41,0.01171875,854.3499999999943,0,233.0296459197998,36864.0,0.0,-0.0955967177869752,0.0,12.403024435043335,3.5531928746269252,0.00023780061464284685,0.00012631829968400596,0.0003051229359698482,0.0005826350269503903,1.0386549234390259,70.73540234565735,288.0,0.0,1e-06,304.047150850296,71
0.53515625,0.4987625066962607,0.53515625,66.625,161.521484375,97.27740780711434,900,9,0.0078125,566.3599999999997,0,184.81025862693787,37376.0,0.0,-0.09919243189506233,0.0,12.146744892001152,4.351753970484839,0.00023617104581985515,0.00012029832098119837,0.00012345274717517896,0.00032319557310968604,1.3269285559654236,68.24091696739197,292.0,0.0,1e-06,253.33292508125305,72
0.498046875,0.49999618528818235,0.498046875,72.59375,168.35546875,121.71979945542046,900,32,0.017578125,900.0,24,214.07214307785034,37888.0,0.0,-0.07869758445303887,0.0,12.138502039015293,4.122802270248986,0.00025853635177464085,0.00011237661819841963,0.00021135020779183833,0.0004591052353021368,0.9499597549438477,70.07496428489685,296.0,0.0,1e-06,284.4266757965088,73
0.517578125,0.49969091398732113,0.517578125,69.53125,151.716796875,96.71335238923832,900,39,0.0078125,451.70999999999947,0,154.71918535232544,38400.0,0.0,-0.07734598685055971,0.0,12.030041493475437,5.288321500037143,0.00026381480027293236,0.00010657353680005884,0.00024650243312862585,0.0004902354248263076,1.0374889373779297,65.60688209533691,300.0,0.0,1e-06,220.61137509346008,74
0.607421875,0.48832421685954136,0.607421875,73.9375,150.916015625,83.05186383971017,900,30,0.00390625,373.8099999999996,0,167.3753638267517,38912.0,0.0,-0.05840832577086985,0.0,11.09787605702877,3.6745429138591748,0.00022994742420845427,0.00011184545846363875,0.00027890071305591846,0.0005125369472987068,1.0221500992774963,64.45679426193237,304.0,0.0,1e-06,232.1082739830017,75
0.51171875,0.49986265203397373,0.51171875,71.84375,168.36328125,102.75388174776366,900,28,0.005859375,605.079999999999,0,171.31126952171326,39424.0,0.0,-0.09889998333528638,0.0,12.439304918050766,4.161821370325546,0.0002517372375145932,9.254826773655663e-05,0.00022994211940385867,0.0003794013419712905,1.041390746831894,68.92504596710205,308.0,0.0,1e-06,240.524169921875,76
0.50390625,0.49998474097809975,0.50390625,67.28125,156.86328125,98.4753144599366,900,32,0.009765625,524.8499999999991,0,193.56349802017212,39936.0,0.0,-0.07425528531894088,0.0,11.602807387709618,4.049593636719898,0.000246956681649646,9.837981820181388e-05,0.0002743315235420596,0.0005406611890832433,1.080085039138794,66.93546485900879,312.0,0.0,1e-06,260.7995607852936,77
0.505859375,0.4999656665458233,0.505859375,70.6875,162.169921875,123.4545258574241,900,26,0.017578125,900.0,0,198.4886507987976,40448.0,0.0,-0.07550204161088914,0.0,11.826060712337494,4.589170515076478,0.0002361137954962622,0.00011699034776194048,0.00029097470269334735,0.00042306914412210275,0.9957524836063385,69.7044038772583,316.0,0.0,1e-06,268.4750642776489,78
0.515625,0.49975579974123363,0.515625,72.9375,162.4453125,95.77113495478345,900,39,0.005859375,623.8999999999971,0,187.18416380882263,40960.0,0.0,-0.0690849149832502,0.0,11.803236827254295,4.331632936383843,0.00025543670576189115,0.00011695467167627762,0.00025598338106647134,0.00046517329116430375,0.9154443442821503,67.91238713264465,320.0,0.0,1e-06,255.37399578094482,79
0.494140625,0.4999656665458233,0.494140625,68.4375,153.693359375,89.61692407632667,900,7,0.005859375,402.47999999999956,0,192.8503303527832,41472.0,0.0,-0.07162853295449167,0.0,12.033177673816681,3.529989148718476,0.0002647385410421421,9.641314457752869e-05,0.00020035708166687982,0.0003680464924126382,1.0109113603830338,65.90243124961853,324.0,0.0,1e-06,259.02848625183105,80
0.611328125,0.4874485086488463,0.611328125,72.46875,151.962890625,103.21223862032684,900,43,0.01171875,870.9599999999964,0,175.35886311531067,41984.0,0.0,-0.08503239683341235,0.0,10.621283922344446,3.8000725654562175,0.00023553932378694853,9.689093692502207e-05,0.00031894707990431925,0.0005617530609724907,0.9530264884233475,67.60048127174377,328.0,0.0,1e-06,243.24909472465515,81
0.556640625,0.4967814807333395,0.556640625,67.5625,155.798828125,95.4654743637809,900,35,0.009765625,409.36999999999955,31,149.70321774482727,42496.0,0.0,-0.06270169757772237,0.0,11.260449968278408,4.4299431605858635,0.00023444679082285091,0.00011407527068760834,0.000184838736004167,0.00044587738724326145,1.1600023210048676,65.4487714767456,332.0,0.0,1e-06,215.43508219718933,82
0.642578125,0.4792405223595813,0.642578125,64.6875,145.5234375,81.53425898469669,900,14,0.005859375,334.44999999999993,0,176.17289686203003,43008.0,0.0,-0.07881248462945223,0.0,10.153791658580303,2.663248823703997,0.00024337870164803377,0.00010249849875306719,0.00039962750452104956,0.0005410762431646326,1.225394144654274,62.26462650299072,336.0,0.0,1e-06,238.72338151931763,83
0.517578125,0.49969091398732113,0.517578125,73.59375,165.916015625,76.36931480313122,496,36,0.0,385.3399999999999,44,135.30870461463928,43520.0,0.0,-0.07675651437602937,0.0,11.729798574000597,4.091136705981739,0.00023403945358513312,0.0001222067880638473,0.0003790356681747653,0.0005853624165421824,0.9672098457813263,64.18589973449707,340.0,0.0,1e-06,199.7712743282318,84
0.541015625,0.49831487887264553,0.541015625,67.5625,161.841796875,100.28617436439701,900,31,0.009765625,554.4899999999994,0,200.48087620735168,44032.0,0.0,-0.0721525230910629,0.0,11.608503870666027,4.25776467903538,0.00024031157229043032,0.00010344612116147125,0.0003132692872895859,0.0005624461094993215,1.3124341070652008,68.46362018585205,344.0,0.0,1e-06,269.234797000885,85
0.5234375,0.49945038151326904,0.5234375,72.03125,158.205078125,99.36923594522425,900,31,0.0078125,503.3799999999994,0,161.45435166358948,44544.0,0.0,-0.08702243689913303,0.0,11.105959869921207,4.547276921778253,0.00022941666108788894,9.64733256004747e-05,0.00019353303014213452,0.00043867338066425364,1.088394284248352,67.65740370750427,348.0,0.0,1e-06,229.3930742740631,86
0.50390625,0.49998474097809975,0.50390625,73.875,172.86328125,83.89474932457573,900,18,0.0,463.78999999999985,0,202.9592409133911,45056.0,0.0,-0.03868849191349,0.0,12.47299487888813,3.927049513550395,0.0002018939711057044,0.00011651548713620455,0.00011407908823457547,0.00025957157830691933,1.5621415078639984,67.58327198028564,352.0,0.0,1e-06,270.8348083496094,87
0.587890625,0.4922146259886122,0.587890625,67.875,153.181640625,88.15250133183034,900,10,0.005859375,408.0099999999999,0,144.48337721824646,45568.0,0.0,-0.07491039868909866,0.0,10.966095261275768,3.9187307419882957,0.00023196301810468611,0.00011149115123798574,0.00032659692578818067,0.0005055820904204954,1.0840371251106262,64.43124961853027,356.0,0.0,1e-06,209.19045853614807,88
0.45703125,0.49815026500388165,0.45703125,71.03125,176.796875,121.0700732901586,900,31,0.013671875,900.0,0,204.21598482131958,46080.0,0.0,-0.12204747891519219,0.0,12.563910312950611,4.886826475086991,0.0002232291770547512,0.0001280705183569022,0.00026391102892375784,0.000474556463543826,1.050592988729477,73.88476157188416,360.0,0.0,1e-06,278.38785123825073,89
0.453125,0.4977978850648122,0.453125,66.375,172.13671875,106.4465684415585,900,44,0.009765625,744.5999999999981,0,201.36406993865967,46592.0,0.0,-0.07192841207142919,0.0,12.402110539376736,3.7270583638584944,0.00022718220599315941,0.00012087871476532725,0.00020082663286302704,0.0004610769820100885,0.9407833814620972,70.88517713546753,364.0,0.0,1e-06,272.5473532676697,90
0.6171875,0.48607313219694626,0.6171875,60.5625,146.052734375,73.71571735193719,900,35,0.0,355.89,0,135.4039876461029,47104.0,0.0,-0.07395905558951199,0.0,10.489135686308146,3.2602589318504847,0.0002350093730751901,9.937326206756863e-05,0.00016735729423089651,0.0003687729865967319,1.0147171318531036,61.437392711639404,368.0,0.0,1e-06,197.1283724308014,91
0.451171875,0.497610102599399,0.451171875,69.09375,158.37109375,116.59707506806811,900,7,0.015625,900.0,0,213.20612835884094,47616.0,0.0,-0.08779950952157378,0.0,11.598060712218285,3.6089777298042836,0.0002537579852202043,0.00010961180167378904,0.0002507697522560193,0.0005170332811118713,1.1173386424779892,69.21879196166992,372.0,0.0,1e-06,282.7122781276703,92
0.583984375,0.49289616021618526,0.583984375,66.5,150.296875,83.18077164516073,900,30,0.00390625,418.9299999999995,0,154.42739605903625,48128.0,0.0,-0.08992734749335796,0.0,10.976883061230183,3.5701482112474188,0.00023697266013034124,0.00010661226685160424,0.0002991315668623429,0.0006136297739384054,0.9075929969549179,65.22093224525452,376.0,0.0,1e-06,219.9300458431244,93
0.51953125,0.49961838464315694,0.51953125,71.96875,173.587890625,132.230637501254,900,13,0.0234375,900.0,1,210.1439118385315,48640.0,0.0,-0.11860773258376867,0.0,12.454448863863945,4.360216580810505,0.00024646806610562066,0.00011399539390472856,0.0002445531608827878,0.000523831673898162,1.0422813147306442,71.51662063598633,380.0,0.0,1e-06,281.9429793357849,94
0.48828125,0.49986265203397373,0.48828125,69.96875,155.173828125,77.47095636855117,900,37,0.0,364.2299999999999,1,143.12023830413818,49152.0,0.0,-0.035308855352923274,0.0,11.534220740199089,3.356509251151515,0.00024854145587260845,0.00010776437413198117,0.00020303610290284269,0.00039186385649051105,1.0033668875694275,61.97423076629639,384.0,0.0,1e-06,205.3698115348816,95
0.546875,0.4977978850648122,0.546875,70.5,168.51953125,114.76710286393167,900,37,0.0078125,734.5099999999978,0,218.33600544929504,49664.0,0.0,-0.10765183554030955,0.0,12.193138174712658,4.525413891411885,0.00024098977508657526,0.00010732438766162401,0.0002361550900786824,0.0004979509007831185,0.9949793368577957,70.77817106246948,388.0,0.0,1e-06,289.3974657058716,96
0.568359375,0.49530495237743116,0.568359375,65.09375,147.689453125,83.88295909339053,900,28,0.005859375,388.83999999999924,0,179.66624879837036,50176.0,0.0,-0.08894371998030692,0.0,10.385812476277351,3.096210167738713,0.00025343928213072964,8.966437847445352e-05,0.0003395774506316229,0.000531401659175809,1.0540925562381744,64.26721167564392,392.0,0.0,1e-06,244.21348762512207,97
0.5703125,0.49503146601377773,0.5703125,61.75,150.619140625,81.8849317976847,900,31,0.0,434.89,0,186.72129249572754,50688.0,0.0,-0.06552465120330453,0.0,11.37119821459055,4.36943347163942,0.0002502950452383246,0.0001102427893890042,0.0002787490566333872,0.0004760462678395817,0.9412715882062912,63.30623960494995,396.0,0.0,1e-06,250.31241059303284,98
0.521484375,0.4995382083793585,0.521484375,74.90625,172.990234375,103.58125349940292,900,47,0.009765625,795.2799999999966,1,169.08881306648254,51200.0,0.0,-0.0786567946197465,0.0,12.65953154861927,4.476105014249765,0.0002298676560523738,0.00011646116925313083,0.0002543241248531558,0.00045803817038566594,0.8756386339664459,69.08553814888,400.0,0.0,1e-06,238.45500349998474,99
0.484375,0.49975579974123363,0.484375,70.96875,178.51953125,111.08468936932881,900,30,0.01171875,891.529999999999,0,200.51098227500916,51712.0,0.0,-0.097639896790497,0.0,12.7905013859272,3.9802121241125206,0.00021505957216128024,0.00010998370863084687,0.0002028596104537428,0.0004626162505723033,0.8966216892004013,71.04354453086853,404.0,0.0,1e-06,271.8320744037628,0.5185546875,0.49965560496383643,0.5185546875,72.3212890625,171.380859375,115.00077048333839,2,279.7238211631775,100
0.544921875,0.49797793640530336,0.544921875,74.8125,172.673828125,112.89024787391052,900,56,0.013671875,900.0,1,232.6327259540558,52224.0,0.0,-0.10504815832246095,0.0,12.076721973717213,3.541928445494203,0.00024104760451981733,9.306670947479535e-05,0.00027350163054506993,0.0005052277501532306,0.935624435544014,73.34271192550659,408.0,0.0,1e-06,306.2038161754608,101
0.564453125,0.4958283923674948,0.564453125,70.96875,166.923828125,112.8610355192192,900,10,0.01171875,898.7899999999998,1,201.67255401611328,52736.0,0.0,-0.11860203230753541,0.0,12.176545217633247,4.741516438289873,0.00023709327340348807,0.0001124626990618389,0.0002631846609801869,0.0004298524095618473,0.9336046129465103,71.94755506515503,412.0,0.0,1e-06,273.92095470428467,102
0.630859375,0.4825720919972573,0.630859375,68.46875,150.24609375,83.83194442822027,900,37,0.00390625,385.89999999999986,0,143.97534203529358,53248.0,0.0,-0.0328715187497437,0.0,10.493625439703465,4.06442480302595,0.00023735799765312038,9.997682076680411e-05,0.0002545154652580095,0.0004530893577569989,0.9825096726417542,61.66662907600403,416.0,0.0,1e-06,205.92755818367004,103
0.587890625,0.4922146259886122,0.587890625,71.75,163.26171875,93.98673162763933,900,25,0.0078125,459.0399999999995,16,156.6944260597229,53760.0,0.0,-0.07809374667704105,0.0,11.636640921235085,4.196427212184876,0.0002326458197350334,9.869223155970477e-05,0.0002705968940972525,0.0004784674179119913,0.9145162850618362,65.59795069694519,420.0,0.0,1e-06,222.57430815696716,104
0.486328125,0.49981304488176814,0.486328125,72.59375,168.34765625,104.31177086686735,900,42,0.01171875,879.8699999999975,3,180.36376953125,54272.0,0.0,-0.10094167513307184,0.0,12.332475006580353,3.8010233184570157,0.0002480041904471264,0.00010289865466961895,0.00023247915760293836,0.000542848072613412,0.9823112785816193,69.86511492729187,424.0,0.0,1e-06,250.51178407669067,105
0.5625,0.49607837082461076,0.5625,66.9375,152.541015625,75.78476330350651,900,25,0.00390625,351.12999999999977,0,136.91687846183777,54784.0,0.0,-0.01732851774431765,0.0,11.661945171654224,4.505974438156118,0.000223516328481832,0.00010867000730474791,0.0003021035736310296,0.000497175951091834,1.2869111895561218,63.27901077270508,428.0,0.0,1e-06,200.4870810508728,106
0.603515625,0.48916716506819974,0.603515625,70.84375,159.357421875,98.75642376057505,900,9,0.005859375,499.9199999999996,0,174.41467785835266,55296.0,0.0,-0.03601710754446685,0.0,10.962378472089767,4.131381065244985,0.00023187977033289897,0.00010140659763909542,0.0004256145098224806,0.0008183965198626314,1.2191044241189957,66.21289801597595,432.0,0.0,1e-06,240.91195011138916,107
0.521484375,0.4995382083793585,0.521484375,64.46875,160.142578125,113.14363271790097,900,8,0.013671875,900.0,0,174.16747212409973,55808.0,0.0,-0.09526651375927031,0.0,11.187237374484539,3.965762522806263,0.00023651801444724008,0.00011892925053430996,0.0002015459222093341,0.0004872951075885732,1.2034586519002914,67.12291812896729,436.0,0.0,1e-06,241.57748341560364,108
0.54296875,0.49815026500388165,0.54296875,69.0625,170.419921875,121.5983777132487,900,7,0.017578125,900.0,0,198.71709060668945,56320.0,0.0,-0.07692322076763958,0.0,12.929608725011349,5.0399111693701775,0.0002753232882373169,0.00010074327824786632,0.00024723688466110616,0.000515134165119961,1.3189303278923035,71.03813481330872,440.0,0.0,1e-06,270.0242486000061,109
0.54296875,0.49815026500388165,0.54296875,72.71875,158.552734375,101.6703905413749,900,40,0.01171875,844.8899999999932,0,194.1234209537506,56832.0,0.0,-0.05762053292710334,0.0,11.563463754951954,3.8553133541851454,0.0002387456930885712,0.00010045533498092681,0.00022589680884266272,0.0004526564196258613,1.0578581392765045,67.86001467704773,444.0,0.0,1e-06,262.27848386764526,110
0.5,0.5,0.5,69.625,155.412109375,89.75870480203041,900,8,0.00390625,427.90999999999974,71,149.57823514938354,57344.0,0.0,-0.059178277384489775,0.0,11.965013958513737,4.242112306023467,0.0002766036631784985,8.229844659674391e-05,0.0002935840798272693,0.0006058262742670182,1.0029854327440262,65.22904324531555,448.0,0.0,1e-06,215.11979031562805,111
0.46875,0.4990224819584785,0.46875,73.90625,169.9609375,101.68891381498327,900,36,0.009765625,477.0099999999999,7,182.5495126247406,57856.0,0.0,-0.09278160857502371,0.0,11.880515828728676,4.104612407433014,0.00024435620056983964,8.344488198330323e-05,0.00024131595728249522,0.00044990545092915855,0.9204918742179871,70.27705478668213,452.0,0.0,1e-06,253.11453366279602,112
0.517578125,0.49969091398732113,0.517578125,75.28125,165.53125,82.19923276519982,900,44,0.00390625,409.4599999999998,0,157.5278561115265,58368.0,0.0,-0.08901297627016902,0.0,11.841932944953442,3.776722193880387,0.0002178542764039726,0.00011742433850180054,0.00022476355343314935,0.0004246419414804309,0.9103882312774658,65.64245772361755,456.0,0.0,1e-06,223.45352244377136,113
0.59375,0.4911323014219285,0.59375,68.8125,139.791015625,71.64349454002091,900,33,0.0,346.3499999999998,0,145.97131896018982,58880.0,0.0,-0.0532621459569782,0.0,10.148932963609695,3.5005939829876347,0.00022705639696107838,0.00010476323403683695,0.00025428036497032735,0.0004895111697305175,1.0520848333835602,61.666041135787964,460.0,0.0,1e-06,207.91679620742798,114
0.60546875,0.48874977521574114,0.60546875,67.5625,152.33984375,93.44375885379176,900,40,0.0078125,472.67999999999984,0,169.68539452552795,59392.0,0.0,-0.05947006668429822,0.0,10.92659416794777,3.350968497879365,0.0002325946909076393,9.959944127467528e-05,0.0002069699489766208,0.000418408903529665,0.9367642402648926,66.10174703598022,464.0,0.0,1e-06,236.06817936897278,115
0.5,0.5,0.5,66.75,151.048828125,72.75697694337781,823,34,0.0,426.89999999999986,0,151.77380275726318,59904.0,0.0,-0.0430551707977429,0.0,11.054058063775301,4.256227740170259,0.0002510242614954805,9.407900466166841e-05,0.00032938176536845276,0.0005738315606255692,0.9719222784042358,62.65346145629883,468.0,0.0,1e-06,214.70761156082153,116
0.544921875,0.49797793640530336,0.544921875,68.1875,150.05078125,79.03211718197007,900,39,0.00390625,405.2699999999994,0,135.7344150543213,60416.0,0.0,-0.05311636859551072,0.0,10.80592294037342,4.296720719965468,0.00023740754925949403,0.00011821731239930343,0.00021763454606116284,0.0004996307149882074,0.9703068286180496,61.76204752922058,472.0,0.0,1e-06,197.77861785888672,117
0.46875,0.4990224819584785,0.46875,77.75,187.3515625,109.22923070913113,900,9,0.01171875,863.3699999999955,0,194.08962178230286,60928.0,0.0,-0.07306289882399142,0.0,13.114310890436172,4.552068733075827,0.00021692770848291687,0.00011693151087016072,0.00016533085272385506,0.00036384779763147296,0.9510108679533005,72.01062321662903,476.0,0.0,1e-06,266.37943506240845,118
0.564453125,0.4958283923674948,0.564453125,68.15625,156.412109375,95.65085480662489,900,46,0.009765625,436.1199999999999,0,164.07855319976807,61440.0,0.0,-0.07954973576124758,0.0,10.8130526766181,3.8602600601634234,0.00023094659854416832,9.191361332315101e-05,0.0002008389478760364,0.0004178579363708504,0.9828657656908035,66.55815744400024,480.0,0.0,1e-06,230.91914200782776,119
0.572265625,0.49475011818428033,0.572265625,72.59375,173.400390625,97.35374567381787,900,9,0.0078125,475.28999999999917,0,166.47528076171875,61952.0,0.0,-0.048846779856830835,0.0,11.838088110089302,4.043576193317606,0.00023964481034077778,9.929562264299751e-05,0.00024791942905721953,0.0004145639868539984,2.4171157777309418,68.15133476257324,484.0,0.0,1e-06,234.90110993385315,120
0.60546875,0.48874977521574114,0.60546875,72.84375,150.978515625,75.08069569833934,900,38,0.0,355.9199999999996,0,161.29159951210022,62464.0,0.0,-0.07122896646615118,0.0,10.403819721192122,3.397625320134671,0.00021173226937132306,0.00011318501751697831,0.00024222215688496362,0.0004973009636332346,0.8831338137388229,63.2848641872406,488.0,0.0,1e-06,224.85794305801392,121
0.4921875,0.4999389611180049,0.4921875,71.21875,166.390625,97.39812260567128,900,35,0.009765625,614.359999999997,0,171.17898154258728,62976.0,0.0,-0.04706489364616573,0.0,11.833805356174707,4.165405919187668,0.00021534918534005243,0.00011672002701778611,0.00016700701371519244,0.0004004345012988772,0.8922419100999832,68.61609697341919,492.0,0.0,1e-06,240.0710244178772,122
0.564453125,0.4958283923674948,0.564453125,68.59375,171.90234375,101.7386656500705,900,46,0.009765625,715.3599999999997,1,210.75096559524536,63488.0,0.0,-0.08883604616858065,0.0,11.456232212483883,3.435415212485725,0.0002171559661467981,0.00012170255950121312,0.00019313036318635568,0.0004899188631406332,0.8793077021837234,69.92875003814697,496.0,0.0,1e-06,280.97339725494385,123
0.6171875,0.48607313219694626,0.6171875,68.25,145.4765625,76.40414387115135,900,28,0.00390625,362.89999999999986,0,135.90050435066223,64000.0,0.0,-0.07612997747492045,0.0,10.011456303298473,2.955267644002086,0.0002221181023758234,0.0001039361260570221,0.00025168416141241323,0.0004843815162537886,0.93775275349617,63.582637548446655,500.0,0.0,1e-06,199.76574611663818,124
0.513671875,0.49981304488176814,0.513671875,75.4375,158.837890625,80.6637932946098,900,4,0.0,426.9199999999996,0,146.71063542366028,64512.0,0.0,-0.04702121077571064,0.0,11.572837218642235,4.481988270786823,0.0002504721883145322,0.0001132831143591169,0.00021685609954147367,0.000522390297150985,1.9216246753931046,63.91288948059082,504.0,0.0,1e-06,210.91453981399536,125
0.5546875,0.4970002790177788,0.5546875,68.96875,161.642578125,94.37391961091937,900,33,0.0078125,477.78999999999985,0,173.49539017677307,65024.0,0.0,-0.04736788209993392,0.0,11.003140099346638,4.002917546537979,0.00023462214669045522,9.73134793154317e-05,0.00026523014639678877,0.0005055107552325051,0.8710450083017349,67.4873263835907,508.0,0.0,1e-06,241.2556803226471,126
0.541015625,0.49831487887264553,0.541015625,69.96875,160.94140625,91.9352081863769,900,8,0.005859375,480.1999999999989,0,167.3265187740326,65536.0,0.0,-0.07077152840793133,0.0,11.110543094575405,3.725764805857613,0.00022459758075266123,0.0001224832836012647,0.0002153823979824665,0.0004666013413253374,1.3125971853733063,67.061448097229,512.0,0.0,1e-06,234.67831349372864,127
0.5546875,0.4970002790177788,0.5546875,66.3125,159.9453125,81.72020754854545,900,29,0.0,418.0099999999999,67,173.87295174598694,66048.0,0.0,-0.06676605506800115,0.0,11.566557209938765,4.281540704208667,0.00024216159386458713,0.00011327880933719184,0.00024250191700048163,0.0005578735786182292,1.0708725303411484,64.83786630630493,516.0,0.0,1e-06,238.9967806339264,128
0.556640625,0.4967814807333395,0.556640625,73.65625,166.875,83.4664041695819,900,9,0.00390625,410.5699999999998,0,168.57481265068054,66560.0,0.0,-0.07286757684778422,0.0,11.706745378673077,3.5702401407011646,0.00021016859109224129,0.00011163939179155895,0.00024188201950892108,0.0004313526010835218,0.8991912305355072,66.64684987068176,520.0,0.0,1e-06,235.51404476165771,129
0.591796875,0.4915011024811993,0.591796875,76.9375,156.310546875,77.05212854790858,900,48,0.00390625,338.66999999999996,47,156.04061031341553,67072.0,0.0,-0.049886621185578406,0.0,11.308677338063717,4.7057590051436735,0.00020887019829984865,0.0001224924587717959,0.00030117653568595415,0.0004924684695839563,0.8565713614225388,63.92998719215393,524.0,0.0,1e-06,220.2599959373474,130
0.484375,0.49975579974123363,0.484375,77.1875,166.64453125,76.54463190333972,900,28,0.0,411.24999999999966,0,161.39499258995056,67584.0,0.0,-0.0522613424109295,0.0,11.859176807105541,3.958547422929892,0.00021918980383128783,0.00010614913721500757,0.00028862808449048316,0.0004640486631125492,0.8718944489955902,66.1188759803772,528.0,0.0,1e-06,227.7977795600891,131
0.537109375,0.4986209926257712,0.537109375,76.625,192.787109375,98.34348481575577,900,40,0.005859375,581.8199999999995,0,193.70424437522888,68096.0,0.0,-0.07792943040840328,0.0,12.665778495371342,4.131941748505909,0.00020996162790476447,0.00011466009160072213,0.0002900940371546312,0.0005040341739679296,0.8941457271575928,72.1604950428009,532.0,0.0,1e-06,266.3000316619873,132
0.611328125,0.4874485086488463,0.611328125,75.625,162.591796875,74.58886904782604,900,23,0.0,378.3599999999997,0,160.427090883255,68608.0,0.0,-0.05559572100173682,0.0,11.255376026034355,3.9431809598805385,0.00020866864172663924,0.00011299108813387168,0.00023152459561970318,0.0004269423192969072,0.9441675394773483,64.92426800727844,536.0,0.0,1e-06,225.63634085655212,133
0.572265625,0.49475011818428033,0.572265625,71.5,153.248046875,88.48920195918146,900,7,0.0078125,361.55999999999995,1,143.17739057540894,69120.0,0.0,-0.036792362574487925,0.0,10.481980353593826,3.754007228967916,0.00023905141558877574,0.00010478095091288459,0.00037764945591334254,0.0007443431667121516,1.1003021150827408,63.77833032608032,540.0,0.0,1e-06,207.24906015396118,134
0.453125,0.4977978850648122,0.453125,72.34375,179.720703125,119.33779738155307,900,46,0.017578125,900.0,24,220.11686897277832,69632.0,0.0,-0.0945488620782271,0.0,12.114780627191067,4.020198102594609,0.00022484674126488358,0.00010006952643920547,0.000170340012118686,0.0003519838594986333,0.9768061637878418,73.14468884468079,544.0,0.0,1e-06,293.5500988960266,135
0.548828125,0.497610102599399,0.548828125,72.5625,166.091796875,82.36258306390555,900,38,0.00390625,427.3599999999997,0,166.03546786308289,70144.0,0.0,-0.07348089874722064,0.0,11.554221905767918,3.9254254599826934,0.0002376762231517393,9.912011011331789e-05,0.0002011360402320861,0.00042994785902265116,1.094082623720169,64.99339365959167,548.0,0.0,1e-06,231.32878351211548,136
0.572265625,0.49475011818428033,0.572265625,66.84375,155.498046875,83.92793595511154,900,45,0.00390625,414.66999999999996,0,144.1809344291687,70656.0,0.0,-0.07876690931152552,0.0,10.413789294660091,3.900304670589184,0.0002288232543676827,0.00011667929167712252,0.000274251611699583,0.00043639860186064846,0.8846921771764755,63.99978971481323,552.0,0.0,1e-06,208.45519351959229,137
0.5546875,0.4970002790177788,0.5546875,66.5625,166.771484375,88.05620390542697,900,21,0.005859375,465.83999999999924,0,192.55342030525208,71168.0,0.0,-0.06344556855037808,0.0,11.375323869287968,5.099564499856937,0.00023578122363376863,0.0001055330324553183,0.000314822097607248,0.0005576886700269366,0.808426633477211,66.0844554901123,556.0,0.0,1e-06,258.9293668270111,138
0.67578125,0.4680822066137929,0.67578125,68.8125,158.369140625,85.14680833462857,900,50,0.00390625,391.78999999999985,1,170.96022987365723,71680.0,0.0,-0.10390466940589249,0.0,10.264981962740421,3.29338870714493,0.00023386480198439585,8.486317370716682e-05,0.000356677004674566,0.0005094479710556442,0.7986077815294266,64.40160465240479,560.0,0.0,1e-06,235.6384654045105,139
0.62109375,0.48511473252307796,0.62109375,67.53125,149.017578125,65.67912710964208,548,8,0.0,373.9199999999996,0,145.2540385723114,72192.0,0.0,-0.08093890966847539,0.0,10.186956137418747,4.019967361177784,0.0002171719864576538,0.00010662963409041213,0.00027934291483688867,0.0005331982128897622,0.9554940760135651,61.304179191589355,564.0,0.0,1e-06,206.85564136505127,140
0.5625,0.49607837082461076,0.5625,63.375,159.34765625,94.88757860031963,900,24,0.009765625,442.67999999999984,0,175.27252078056335,72704.0,0.0,-0.07515803654678166,0.0,10.27759412676096,3.5759101329153764,0.00021801564664114537,0.0001129214736908889,0.00029477990392479114,0.0005587544818619458,1.0093427151441574,67.34576153755188,568.0,0.0,1e-06,242.89627957344055,141
0.541015625,0.49831487887264553,0.541015625,71.28125,171.15625,99.96713815518328,900,37,0.009765625,514.939999999998,0,167.57662677764893,73216.0,0.0,-0.03949344181455672,0.0,11.276931561529636,4.472818482004994,0.0002023726207820431,0.0001060685126826307,0.00017246639617951587,0.0003275711758931664,0.9086193591356277,68.42471122741699,572.0,0.0,1e-06,236.28540134429932,142
0.619140625,0.48559809665464027,0.619140625,65.875,159.103515625,93.44209346643717,900,22,0.005859375,481.4599999999998,0,178.08297181129456,73728.0,0.0,-0.058249446796253324,0.0,10.441958889365196,3.7270612917452177,0.00023356796281537306,0.00010559262929063677,0.00026120015945707564,0.000436154207466827,1.2239933162927628,65.75435137748718,576.0,0.0,1e-06,244.11764979362488,143
0.62890625,0.4830974836520446,0.62890625,74.78125,156.5078125,78.20885460716609,900,46,0.00390625,384.3399999999999,0,190.4491515159607,74240.0,0.0,-0.0849836723646149,0.0,10.23859979212284,3.0588257313401197,0.00023686200197392537,0.00012357319047209036,0.0002804413870762801,0.00047302503729180486,0.9441450387239456,65.83563208580017,580.0,0.0,1e-06,256.5741446018219,144
0.513671875,0.49981304488176814,0.513671875,69.65625,172.013671875,95.51350632871161,900,46,0.0078125,468.55999999999995,4,181.69584918022156,74752.0,0.0,-0.06658849271479994,0.0,11.706492111086845,3.509352250441831,0.00021136304618307733,0.00010436133523778431,0.00020085747019038536,0.0003949983267442615,0.9542257338762283,67.91238212585449,584.0,0.0,1e-06,249.89990043640137,145
0.50390625,0.49998474097809975,0.50390625,68.96875,162.71875,97.21576658874578,900,54,0.01171875,841.0399999999927,0,203.9826250076294,75264.0,0.0,-0.07548637024592608,0.0,10.799023941159248,2.813056022798043,0.00023188804475671176,0.00010940239282131212,0.0001838293037508265,0.00045385143325975654,0.8735044449567795,67.7715630531311,588.0,0.0,1e-06,272.0361065864563,146
0.53515625,0.4987625066962607,0.53515625,75.03125,177.888671875,124.80917195031616,900,48,0.021484375,900.0,0,243.29202795028687,75776.0,0.0,-0.11502864584326744,0.0,12.073281049728394,4.052436354513963,0.0002375138181673897,0.00011296910234178629,0.0002953940920633613,0.0005045966418702753,1.0129063725471497,75.586101770401,592.0,0.0,1e-06,319.17326736450195,147
0.505859375,0.4999656665458233,0.505859375,69.71875,160.94921875,92.61868103959723,900,39,0.005859375,423.3399999999999,0,158.134845495224,76288.0,0.0,-0.08594932372216135,0.0,11.034576434642076,3.9426455368008724,0.0002656387404860183,9.518948917113978e-05,0.00033413169694540557,0.0005449912580653047,1.0449580997228622,66.17387080192566,596.0,0.0,1e-06,224.58607411384583,148
0.54296875,0.49815026500388165,0.54296875,71.75,160.294921875,78.24913221859171,900,12,0.00390625,400.6899999999997,0,162.52506804466248,76800.0,0.0,-0.0863053883658722,0.0,11.576778914779425,3.3862863273206854,0.00025305997141611414,0.00011241822857711217,0.0002670280009624548,0.0005275378269093121,1.4388221353292465,64.21923899650574,600.0,0.0,1e-06,227.02504467964172,149
0.587890625,0.4922146259886122,0.587890625,64.6875,148.986328125,63.229444910617666,562,31,0.0,358.67999999999984,8,124.94021224975586,77312.0,0.0,-0.050660300883464515,0.0,10.114878170192242,3.2488935122003717,0.0002316380261402351,0.00010427859687553231,0.0002624211329020909,0.0005524051012952214,0.8545448929071426,59.82433271408081,604.0,0.0,1e-06,185.0507652759552,0.5419921875,0.4982335357931708,0.5419921875,72.3212890625,172.365234375,106.9050825825242,2,256.82275652885437,150
0.564453125,0.4958283923674948,0.564453125,72.875,157.36328125,79.73366836213795,900,33,0.00390625,364.55999999999995,0,152.71711993217468,77824.0,0.0,-0.047926720697432756,0.0,10.545629903674126,3.5489290560174243,0.00020291589416387978,0.00011174935024921985,0.00020632677478715777,0.00040865344999755927,0.9567036032676697,63.55920886993408,608.0,0.0,1e-06,216.507657289505,151
0.568359375,0.49530495237743116,0.568359375,66.65625,150.826171875,89.15479350914318,900,39,0.005859375,486.3899999999993,0,179.4977924823761,78336.0,0.0,-0.054363894392736256,0.0,9.750018436461687,3.8607851500167367,0.00022164178058092787,0.00011442787186881451,0.00028243367250979645,0.000505116927220429,0.9346472322940826,65.14235353469849,612.0,0.0,1e-06,244.92132663726807,152
0.5625,0.49607837082461076,0.5625,76.875,165.19921875,76.2763489270406,900,43,0.0,379.78,0,138.60555458068848,78848.0,0.0,-0.04507278720848262,0.0,11.523401454091072,3.7368294040597476,0.00025028501146584503,0.00010499946510339993,0.00035744723754760344,0.0005656058595204993,0.9051320403814316,63.25625991821289,616.0,0.0,1e-06,202.14348030090332,153
0.521484375,0.4995382083793585,0.521484375,73.875,178.6171875,89.56152922482869,900,43,0.00390625,429.55999999999995,0,148.68880581855774,79360.0,0.0,-0.07297232456039637,0.0,11.89605052024126,4.778925171513734,0.0002204047294251943,9.962962423479766e-05,0.00024697642993487534,0.000504453025563199,0.8878681063652039,65.89677548408508,620.0,0.0,1e-06,214.85730409622192,154
0.58203125,0.49322497303303436,0.58203125,70.40625,161.50390625,89.61782999766962,900,27,0.005859375,441.36999999999955,3,166.02927994728088,79872.0,0.0,-0.09012599801644683,0.0,10.685088209807873,3.668701288830913,0.0002230434923631286,9.653840931541192e-05,0.00025893550173350377,0.0005475930599358087,0.9969696998596191,65.70869493484497,624.0,0.0,1e-06,232.02028584480286,155
0.546875,0.4977978850648122,0.546875,68.25,163.009765625,85.24918611199504,900,40,0.005859375,361.44999999999993,0,153.62212777137756,80384.0,0.0,-0.06911588541697711,0.0,11.18743185698986,3.0355283721361714,0.00022907796634008548,0.00010557261808901229,0.00026338357110944344,0.0004536392350577297,0.9339775294065475,64.81151723861694,628.0,0.0,1e-06,218.71575665473938,156
0.59765625,0.4903705301462737,0.59765625,71.09375,158.41015625,76.4178207903797,900,50,0.0,372.78,0,169.12258768081665,80896.0,0.0,-0.0815294764470309,0.0,10.553048122674227,3.995418639831383,0.00023949359381703061,0.00010859850353332421,0.0004277161551726749,0.0006285719966400884,1.0186162441968918,64.6550281047821,632.0,0.0,1e-06,234.05867862701416,157
0.572265625,0.49475011818428033,0.572265625,70.1875,171.00390625,102.81595731447143,900,48,0.009765625,841.9999999999973,0,182.66254115104675,81408.0,0.0,-0.06945087539497763,0.0,10.742362812161446,4.16494243450482,0.00021022982407092883,0.00011373578143417077,0.00025784560330066597,0.0004157280099077243,0.9102398157119751,69.5684859752655,636.0,0.0,1e-06,252.51093816757202,158
0.564453125,0.4958283923674948,0.564453125,74.21875,164.048828125,77.89475796829468,900,40,0.0,369.12999999999977,0,140.77205300331116,81920.0,0.0,-0.07644926011562347,0.0,11.74887104332447,4.150983254990179,0.00023308097040719566,0.00012315690002112967,0.00026694537154980935,0.000549311982870156,0.8814999908208847,64.27270221710205,640.0,0.0,1e-06,205.32802820205688,159
0.583984375,0.49289616021618526,0.583984375,69.21875,168.583984375,92.8670755858865,900,37,0.0078125,392.89,0,181.6570246219635,82432.0,0.0,-0.07762830727733672,0.0,11.441751256585121,5.189669032159431,0.00022172565049349835,0.00011066959346937051,0.0002827113989951613,0.0005662861185275129,0.8974672704935074,67.00082755088806,644.0,0.0,1e-06,248.94321870803833,160
0.537109375,0.4986209926257712,0.537109375,68.59375,150.482421875,68.17157011731152,652,49,0.0,411.47999999999956,0,149.7950394153595,82944.0,0.0,-0.052459336700849235,0.0,11.228422656655312,4.368238503796769,0.00024363430488527626,0.00010935430606916682,0.0004749491099573788,0.0008754769932583698,0.9284409880638123,62.41837787628174,648.0,0.0,1e-06,212.49770212173462,161
0.595703125,0.4907554501635559,0.595703125,67.5,154.7265625,61.91601731929787,439,44,0.0,354.0099999999999,0,127.93795275688171,83456.0,0.0,-0.07913570571690798,0.0,11.184906087815762,4.462105323030833,0.00023630262003804248,9.65926796735976e-05,0.00029344946869969135,0.0005332767695114596,0.9062014371156693,60.90427589416504,652.0,0.0,1e-06,189.12658190727234,162
0.6015625,0.4895764073091656,0.6015625,65.5,154.828125,96.09846914225209,900,34,0.0078125,435.90999999999974,0,148.74156498908997,83968.0,0.0,-0.05796643975190818,0.0,11.007431514561176,3.9021970486617334,0.00023570043767762172,0.00011614194802139684,0.0004716138287221838,0.0006818105084642689,0.8776778727769852,64.90382480621338,656.0,0.0,1e-06,213.92201232910156,163
0.58203125,0.49322497303303436,0.58203125,73.75,164.26171875,92.19013692931527,900,45,0.0078125,422.3499999999998,0,173.79546403884888,84480.0,0.0,-0.04414292122237384,0.0,10.87989005446434,3.820466262747286,0.00021986733442513895,0.00011309229445614453,0.00013155674878362333,0.00033907469931225256,0.7715934365987778,66.5429756641388,660.0,0.0,1e-06,240.61431002616882,164
0.58203125,0.49322497303303436,0.58203125,76.59375,174.6796875,67.65199133175862,900,58,0.0,357.3399999999999,0,155.8619692325592,84992.0,0.0,-0.04840581165626645,0.0,10.430028349161148,3.0652576487131684,0.0001863998636464359,0.0001076752753414724,0.00028329821088846074,0.00048482491067379063,0.8323402553796768,65.41873288154602,664.0,0.0,1e-06,221.55371642112732,165
0.681640625,0.46583976145194966,0.681640625,69.15625,160.1328125,99.30167271798518,900,50,0.009765625,785.2899999999964,0,161.44530034065247,85504.0,0.0,-0.10389372962526977,0.0,10.592878945171833,3.196515694402536,0.00023079145647830757,9.958380710420382e-05,0.00026729549699666677,0.0005215030226807466,0.8690047711133957,67.36641836166382,668.0,0.0,1e-06,229.08810806274414,166
0.41796875,0.49322497303303436,0.41796875,73.125,169.498046875,92.93272934593766,900,37,0.0078125,484.3499999999998,0,165.7756803035736,86016.0,0.0,-0.04396746982820332,0.0,12.163548924028873,4.910733746103443,0.0002732503644287121,8.413346969370684e-05,0.00030653338490083115,0.0005604385102340145,0.9564278274774551,67.5495777130127,672.0,0.0,1e-06,233.6183421611786,167
0.548828125,0.497610102599399,0.548828125,67.4375,163.935546875,74.40444366044059,900,50,0.0,363.1199999999999,1,153.86722254753113,86528.0,0.0,-0.03436411975417286,0.0,11.095598943531513,3.522915720114654,0.00022518650269542917,0.00010787125483436743,0.00021508597274078056,0.0005391672367616371,0.811836838722229,64.38554120063782,676.0,0.0,1e-06,218.54076099395752,168
0.55859375,0.49655490377292366,0.55859375,67.8125,161.841796875,102.70054871394915,900,33,0.01171875,875.2499999999969,0,163.18396711349487,87040.0,0.0,-0.0565370136173442,0.0,10.867099829018116,4.7053980494025085,0.00023220379505861644,9.621814128591466e-05,0.0002903961535594135,0.0005216152464587854,1.0295325070619583,65.34391832351685,680.0,0.0,1e-06,228.82094836235046,169
0.552734375,0.49721130889528187,0.552734375,70.8125,163.166015625,94.33756385680762,900,39,0.009765625,421.55999999999995,0,156.7535376548767,87552.0,0.0,-0.05283259740099311,0.0,10.733687348663807,3.9526149934247266,0.00022632836870428719,9.749503399343197e-05,0.0002492451403668383,0.0004901817239983692,0.8113466054201126,66.22919297218323,684.0,0.0,1e-06,223.2749297618866,170
0.66015625,0.4736559675396664,0.66015625,69.5,158.962890625,94.13786738618677,900,42,0.0078125,416.9199999999996,51,177.20455312728882,88064.0,0.0,-0.07124368962831795,0.0,10.279792472720146,3.58376940241674,0.00022304055651400922,0.00010201879957355535,0.0002991564401781943,0.0004639403872748437,0.9980238676071167,65.72608017921448,688.0,0.0,1e-06,243.2140176296234,171
0.6015625,0.4895764073091656,0.6015625,69.71875,172.056640625,100.33797726915068,900,29,0.009765625,581.829999999998,0,164.7328860759735,88576.0,0.0,-0.05340809258632362,0.0,11.161063242703676,3.991750062839188,0.00023898982958447945,9.492491734037501e-05,0.0003205148568667937,0.0005523051539838376,0.8983341157436371,67.49951648712158,692.0,0.0,1e-06,232.50634670257568,172
0.494140625,0.4999656665458233,0.494140625,72.1875,162.205078125,74.17103685797878,631,47,0.0,443.3399999999999,0,153.47338128089905,89088.0,0.0,-0.0744000026024878,0.0,11.016520634293556,3.38219632829471,0.00022913608573693622,0.00011662592484194886,0.00037783710831718054,0.0006991390687226765,1.0285526365041733,63.91777324676514,696.0,0.0,1e-06,217.67776489257812,173
0.544921875,0.49797793640530336,0.544921875,74.40625,183.38671875,103.82662296399897,900,45,0.009765625,668.4699999999983,0,188.95861959457397,89600.0,0.0,-0.08049207972362638,0.0,12.231329008936882,4.113819761405892,0.00021764606121621455,0.00011451573359260188,0.00032322159177056164,0.0005559046128935738,0.7788674831390381,70.31025838851929,700.0,0.0,1e-06,259.5476438999176,174
0.603515625,0.48916716506819974,0.603515625,67.5625,149.44921875,73.5316242511659,900,42,0.0,328.0099999999999,0,141.1825511455536,90112.0,0.0,-0.04352763178758323,0.0,10.335650436580181,3.094948202563041,0.00024520639856118187,9.752038457241023e-05,0.00031546439731755527,0.0005596901275136666,0.9731099307537079,61.59385919570923,704.0,0.0,1e-06,203.05488085746765,175
0.576171875,0.49416378404227923,0.576171875,70.96875,163.765625,80.22609499632507,900,46,0.00390625,366.5699999999998,0,155.71169233322144,90624.0,0.0,-0.03965992690064013,0.0,11.187687762081623,5.159600240063673,0.0002350796015784251,0.00010505971615328965,0.00024143443897628458,0.00046244989691053275,0.8509067445993423,64.3499665260315,708.0,0.0,1e-06,220.35446763038635,176
0.568359375,0.49530495237743116,0.568359375,80.34375,178.36328125,104.85539176877553,900,30,0.01171875,886.3599999999983,0,235.37924647331238,91136.0,0.0,-0.10639276099391282,0.0,10.668037295341492,3.072219104821911,0.00019898301328247214,8.538989207360636e-05,0.0003211849598301342,0.000501427897325159,0.8810847848653793,72.03928637504578,712.0,0.0,1e-06,307.70506978034973,177
0.640625,0.47981726664950275,0.640625,71.59375,162.2578125,87.26284791630883,900,38,0.005859375,412.25999999999954,0,152.14441108703613,91648.0,0.0,-0.06177730823401362,0.0,11.012014240026474,3.8758913645326416,0.00023951757934081996,9.513510305103303e-05,0.0003468050972514902,0.0006528223606434018,0.9029931575059891,64.70790982246399,716.0,0.0,1e-06,217.13075375556946,178
0.64453125,0.4786551135979198,0.64453125,72.59375,155.34375,63.24177781291019,730,46,0.0,330.02999999999963,0,181.8501114845276,92160.0,0.0,-0.05680731125175953,0.0,9.850560501217842,3.2307418730961643,0.0002139984114324367,0.0001075484261171518,0.00030889896106600645,0.0005186925540007365,0.8842661380767822,62.52424883842468,720.0,0.0,1e-06,244.65102815628052,179
0.587890625,0.4922146259886122,0.587890625,65.65625,157.921875,78.9300381840423,900,32,0.00390625,361.78999999999985,0,143.03846144676208,92672.0,0.0,-0.06069994950667024,0.0,9.944000609219074,4.344479465128385,0.0002044902121978165,0.00010460398151474234,0.00031584946873408626,0.0005498084830720803,0.9695351421833038,63.41922664642334,724.0,0.0,1e-06,206.7405879497528,180
0.572265625,0.49475011818428033,0.572265625,71.03125,164.359375,97.00098536669293,900,12,0.009765625,723.6099999999952,0,154.0927438735962,93184.0,0.0,-0.03607256920076907,0.0,10.199877817183733,3.4064307775876563,0.00021278683172853974,9.859452637534587e-05,0.0003161043614454684,0.0005133498235167794,1.3574067950248718,65.56545042991638,728.0,0.0,1e-06,219.9463484287262,181
0.494140625,0.4999656665458233,0.494140625,75.0625,166.88671875,96.52429897366983,900,41,0.005859375,513.3599999999997,0,198.78131103515625,93696.0,0.0,-0.08790001994930208,0.0,11.537989504635334,4.679124936665881,0.00021981911328228243,0.00012792426742049944,0.00039359207585221156,0.0006557448306354094,0.8385835289955139,68.88905262947083,732.0,0.0,1e-06,267.95516562461853,182
0.517578125,0.49969091398732113,0.517578125,69.4375,172.388671875,97.49312530147233,900,51,0.009765625,559.5299999999976,1,162.1770534515381,94208.0,0.0,-0.06940597749780864,0.0,11.569659315049648,3.9324861917797898,0.0002506762824476816,8.257688353771326e-05,0.00026561112645140383,0.0005380776663685754,0.8968905806541443,67.30377745628357,736.0,0.0,1e-06,229.77342867851257,183
0.54296875,0.49815026500388165,0.54296875,71.46875,166.697265625,73.90249166146695,900,7,0.00390625,328.5699999999998,0,165.51586771011353,94720.0,0.0,-0.012257867492735386,0.0,10.553968325257301,2.830255269069789,0.0001801603475606317,0.00011205214122282814,0.00028559364454849856,0.0005595315100918294,1.100633680820465,65.33066868782043,740.0,0.0,1e-06,231.12724232673645,184
0.66015625,0.4736559675396664,0.66015625,66.84375,148.779296875,73.96259163932545,900,48,0.005859375,291.89999999999986,0,172.65519046783447,95232.0,0.0,-0.05629011266864836,0.0,9.449923753738403,2.616410487091195,0.0002143142151442845,9.714753558993595e-05,0.00032740181359258713,0.0005718503034448517,0.7404239177703857,62.674306869506836,744.0,0.0,1e-06,235.62124371528625,185
0.5078125,0.4999389611180049,0.5078125,65.78125,164.265625,71.69335573021655,777,17,0.0,359.3399999999999,0,130.89181303977966,95744.0,0.0,-0.06409846292808652,0.0,11.658666469156742,4.606801387421828,0.00023501182699225964,0.0001221502471683133,0.00029643550851687905,0.0005786227698786821,0.9889988303184509,63.308074712753296,748.0,0.0,1e-06,194.48448538780212,186
0.544921875,0.49797793640530336,0.544921875,70.0,167.095703125,106.81136912935283,900,48,0.013671875,900.0,0,154.12540769577026,96256.0,0.0,-0.06802058569155633,0.0,10.859828338027,3.1552215311629492,0.00024618824897659763,9.439214333177731e-05,0.00033344622625008924,0.0005387065946363896,0.9325168430805206,66.87674140930176,752.0,0.0,1e-06,221.28963708877563,187
0.60546875,0.48874977521574114,0.60546875,76.0,172.451171875,83.61888966952509,900,33,0.00390625,428.2399999999998,0,174.10369610786438,96768.0,0.0,-0.046999971964396536,0.0,10.838370148092508,4.071567641537382,0.00022183620957250128,0.00010171757685599423,0.000290196674541221,0.0005323922828094049,1.0039513856172562,67.22527980804443,756.0,0.0,1e-06,241.59883379936218,188
0.521484375,0.4995382083793585,0.521484375,70.09375,159.79296875,92.70473599316016,900,36,0.009765625,403.24999999999966,0,154.97663712501526,97280.0,0.0,-0.05984399816952646,0.0,10.722010172903538,3.4947475260247547,0.0002453818624625903,9.797086912136999e-05,0.0003070129505431396,0.0005822932691800898,0.839333713054657,65.65039157867432,760.0,0.0,1e-06,220.9184513092041,189
0.560546875,0.4963205374833227,0.560546875,72.96875,165.009765625,97.83636840540213,900,56,0.0078125,560.4799999999982,0,165.99244165420532,97792.0,0.0,-0.08674801245797426,0.0,11.014150500297546,3.686868522403691,0.00023739224032715,0.00010472941938474088,0.0002738246403168887,0.00047161952478787255,0.8767586797475815,67.39684247970581,764.0,0.0,1e-06,233.6823627948761,190
0.513671875,0.49981304488176814,0.513671875,67.625,168.220703125,102.94444478458085,900,54,0.01171875,889.8799999999987,0,176.14072465896606,98304.0,0.0,-0.05357761576306075,0.0,10.571106236428022,3.4481763828243346,0.00021319800462116234,0.00010671844778516701,0.0002511772045181715,0.0004708236064889555,0.8488242775201797,68.54630923271179,768.0,0.0,1e-06,244.9750669002533,191
0.619140625,0.48559809665464027,0.619140625,77.0625,158.478515625,89.27498516337951,900,50,0.0078125,414.25999999999954,0,167.56931948661804,98816.0,0.0,-0.041736841783858836,0.0,10.798057660460472,4.177634826725934,0.0002256686683312914,0.00011352430717654083,0.00030742333092348417,0.0005623128504349829,0.9168844521045685,66.68225336074829,772.0,0.0,1e-06,234.53569626808167,192
0.642578125,0.4792405223595813,0.642578125,66.28125,161.955078125,83.58589293445483,900,43,0.005859375,388.66999999999996,0,158.08395862579346,99328.0,0.0,-0.0655682364013046,0.0,9.92475301772356,3.2455967630386255,0.00022894554088193075,8.226392838889051e-05,0.0003507435776555212,0.0006283922610192664,0.7983480393886566,64.7459967136383,776.0,0.0,1e-06,223.1077127456665,193
0.634765625,0.4814958217039473,0.634765625,67.25,154.724609375,82.40216938514824,900,48,0.00390625,353.0,0,171.72819113731384,99840.0,0.0,-0.028719203895889223,0.0,10.124865669757128,4.5011254819534985,0.00021471875517020678,0.00010859196508759208,0.0002483503267285414,0.0005084520319659313,0.9856098145246506,62.60485029220581,780.0,0.0,1e-06,234.6210651397705,194
0.541015625,0.49831487887264553,0.541015625,80.53125,176.603515625,98.7234983591312,900,15,0.0078125,530.3499999999998,0,178.84905648231506,100352.0,0.0,-0.04906610550824553,0.0,11.74733081459999,4.206794677414594,0.00023160598391647191,0.00011200668031322547,0.0002945779160654638,0.0004904298387652546,0.8849723190069199,69.21637105941772,784.0,0.0,1e-06,248.3457534313202,195
0.62109375,0.48511473252307796,0.62109375,70.375,161.541015625,81.21293792536079,900,34,0.00390625,378.2299999999999,0,153.17607235908508,100864.0,0.0,-0.019860520376823843,0.0,10.191659592092037,4.111986686031983,0.00020127902600020064,0.00011287918569307917,0.00023440585800926783,0.0005491838002728583,0.8968744874000549,63.009116411209106,788.0,0.0,1e-06,216.46843123435974,196
0.53125,0.4990224819584785,0.53125,74.09375,167.42578125,95.96271227840087,900,38,0.005859375,477.36999999999955,0,179.90843868255615,101376.0,0.0,-0.08924880798440427,0.0,10.953069768846035,4.729771120648309,0.00022006300357624298,0.00011665382147613406,0.00032183761595661053,0.0006994531435492084,0.8961004912853241,67.30684638023376,792.0,0.0,1e-06,247.49251914024353,197
0.470703125,0.4991409551571924,0.470703125,65.65625,174.125,117.7426351199938,900,51,0.015625,900.0,0,181.3971540927887,101888.0,0.0,-0.08830272650811821,0.0,11.20528694987297,3.2606544489310076,0.00022281043400562695,0.00011455354432272216,0.0003657842198663275,0.0006320652926946128,0.8916752189397812,68.28556966781616,796.0,0.0,1e-06,249.98222875595093,198
0.564453125,0.4958283923674948,0.564453125,66.34375,160.65625,111.03778477814433,900,36,0.01171875,879.2099999999974,0,187.51095747947693,102400.0,0.0,-0.09825607854872942,0.0,10.561387322843075,4.409042752548042,0.00022838145776127305,0.00011121291952342168,0.00034295712430321146,0.0006515492397773416,1.143962100148201,69.29005742073059,800.0,0.0,1e-06,257.08263969421387,199
0.541015625,0.49831487887264553,0.541015625,70.25,167.736328125,97.86377853433483,900,47,0.0078125,456.78999999999985,0,187.48765349388123,102912.0,0.0,-0.0616917364532128,0.0,11.162134490907192,4.785877437014265,0.0002043338944865969,0.0001173133788680791,0.00021027064713052823,0.0004246228800150435,0.8985183089971542,67.79814600944519,804.0,0.0,1e-06,255.58251309394836,0.548828125,0.497610102599399,0.548828125,72.3212890625,172.3466796875,110.1420865394186,2,278.274689912796,200
